,cue,pressed,outcome,ID
0,1,1,1,0
1,1,1,1,0
2,2,0,-1,0
3,2,1,0,0
4,1,1,1,0
5,3,0,1,0
6,3,1,0,0
7,1,1,1,0
8,4,0,0,0
9,3,0,1,0
10,3,0,1,0
11,4,1,-1,0
12,3,0,1,0
13,1,1,0,0
14,2,1,0,0
15,1,1,0,0
16,2,1,0,0
17,4,1,-1,0
18,3,1,1,0
19,2,1,0,0
20,4,0,-1,0
21,1,1,0,0
22,4,1,-1,0
23,3,1,0,0
24,4,0,0,0
25,2,1,0,0
26,3,0,1,0
27,4,1,-1,0
28,2,1,0,0
29,4,0,0,0
30,2,1,0,0
31,3,1,0,0
32,4,1,-1,0
33,4,0,-1,0
34,2,0,-1,0
35,4,0,-1,0
36,4,0,0,0
37,3,0,1,0
38,1,1,1,0
39,2,1,-1,0
40,1,1,1,0
41,4,0,0,0
42,1,1,1,0
43,2,0,-1,0
44,2,1,-1,0
45,2,1,0,0
46,3,1,0,0
47,1,1,1,0
48,3,0,0,0
49,4,1,-1,0
50,2,1,0,0
51,2,1,0,0
52,2,1,0,0
53,4,0,0,0
54,4,1,-1,0
55,4,0,-1,0
56,3,1,1,0
57,1,1,1,0
58,4,0,0,0
59,2,0,0,0
60,1,1,1,0
61,4,0,0,0
62,1,1,0,0
63,4,0,0,0
64,4,0,0,0
65,1,1,1,0
66,3,1,0,0
67,2,0,-1,0
68,2,1,0,0
69,4,0,0,0
70,4,0,-1,0
71,4,1,-1,0
72,2,1,0,0
73,1,1,1,0
74,2,1,0,0
75,4,0,0,0
76,4,1,-1,0
77,3,0,0,0
78,2,0,-1,0
79,1,1,1,0
80,2,1,0,0
81,4,1,-1,0
82,4,0,0,0
83,1,0,0,0
84,1,1,0,0
85,3,1,0,0
86,2,1,0,0
87,2,1,0,0
88,2,1,-1,0
89,2,1,-1,0
90,3,1,0,0
91,1,1,1,0
92,2,0,-1,0
93,2,1,0,0
94,2,1,0,0
95,2,1,0,0
96,2,1,0,0
97,1,1,0,0
98,3,0,1,0
99,4,0,0,0
100,2,1,0,0
101,3,0,0,0
102,2,1,0,0
103,2,1,0,0
104,4,1,-1,0
105,3,1,0,0
106,2,0,-1,0
107,1,1,1,0
108,1,1,1,0
109,1,1,1,0
110,4,0,0,0
111,2,1,0,0
112,2,1,0,0
113,4,0,0,0
114,1,1,1,0
115,4,0,0,0
116,1,1,1,0
117,4,0,-1,0
118,2,1,0,0
119,3,0,1,0
120,2,1,0,0
121,2,1,-1,0
122,2,1,-1,0
123,1,1,1,0
124,2,0,0,0
125,3,1,0,0
126,1,1,1,0
127,3,1,0,0
128,3,0,1,0
129,1,1,1,0
130,3,0,0,0
131,2,1,0,0
132,2,1,0,0
133,1,1,1,0
134,1,1,1,0
135,3,0,1,0
136,2,1,-1,0
137,2,1,0,0
138,4,0,-1,0
139,3,0,1,0
140,2,1,0,0
141,2,1,0,0
142,3,0,0,0
143,1,1,1,0
144,3,1,0,0
145,3,0,0,0
146,4,0,0,0
147,3,1,0,0
148,1,1,1,0
149,2,1,0,0
150,3,0,1,0
151,1,1,0,0
152,3,0,1,0
153,3,0,1,0
154,3,0,1,0
155,2,0,-1,0
156,1,1,1,0
157,3,1,0,0
158,1,1,1,0
159,3,0,1,0
160,3,0,1,0
161,1,1,0,0
162,3,0,1,0
163,4,0,0,0
164,2,0,0,0
165,2,0,0,0
166,1,1,1,0
167,3,0,1,0
168,4,1,-1,0
169,1,1,1,0
170,4,0,0,0
171,3,1,0,0
172,4,0,0,0
173,4,0,0,0
174,4,1,-1,0
175,3,0,1,0
176,4,0,0,0
177,4,0,0,0
178,2,1,0,0
179,1,1,1,0
180,1,1,1,0
181,4,0,-1,0
182,4,1,0,0
183,1,1,1,0
184,2,1,-1,0
185,4,1,-1,0
186,4,1,-1,0
187,4,0,-1,0
188,1,0,0,0
189,4,1,-1,0
190,3,0,1,0
191,3,0,1,0
192,1,1,0,0
193,4,0,0,0
194,4,0,0,0
195,3,1,0,0
196,3,0,1,0
197,1,0,0,0
198,4,0,-1,0
199,1,1,1,0
200,1,1,1,0
201,3,0,0,0
202,1,1,1,0
203,1,1,1,0
204,3,0,0,0
205,4,1,-1,0
206,1,1,1,0
207,3,1,0,0
208,2,1,0,0
209,4,1,-1,0
210,3,1,0,0
211,3,0,1,0
212,1,1,1,0
213,2,1,0,0
214,1,1,0,0
215,1,1,1,0
216,1,1,0,0
217,4,0,0,0
218,1,1,1,0
219,1,1,1,0
220,3,1,1,0
221,2,1,0,0
222,2,1,-1,0
223,3,1,1,0
224,1,1,1,0
225,1,1,1,0
226,2,1,0,0
227,2,1,0,0
228,3,0,1,0
229,3,0,1,0
230,2,1,-1,0
231,1,1,1,0
232,4,0,0,0
233,3,0,1,0
234,1,1,0,0
235,1,1,1,0
236,1,1,1,0
237,3,0,1,0
238,4,0,-1,0
239,2,1,0,0
240,2,0,-1,0
241,1,1,1,0
242,4,0,0,0
243,1,1,1,0
244,4,0,0,0
245,4,0,0,0
246,1,1,1,0
247,3,0,1,0
248,1,1,1,0
249,1,1,1,0
250,2,0,-1,0
251,3,0,1,0
252,4,0,-1,0
253,1,1,1,0
254,4,0,-1,0
255,2,1,0,0
256,1,1,1,0
257,1,1,1,0
258,3,1,0,0
259,1,1,1,0
260,1,1,1,0
261,3,1,1,0
262,2,1,-1,0
263,2,1,0,0
264,1,1,1,0
265,4,1,-1,0
266,1,1,1,0
267,1,1,1,0
268,2,1,0,0
269,2,1,-1,0
270,4,0,0,0
271,4,1,-1,0
272,4,0,-1,0
273,1,1,1,0
274,1,1,1,0
275,2,0,-1,0
276,1,1,1,0
277,2,1,-1,0
278,4,1,-1,0
279,3,0,1,0
280,4,0,0,0
281,4,0,0,0
282,3,1,0,0
283,1,1,1,0
284,3,1,0,0
285,2,0,-1,0
286,2,0,-1,0
287,2,1,0,0
288,3,1,0,0
289,3,0,1,0
290,3,0,1,0
291,3,0,1,0
292,2,0,-1,0
293,3,1,0,0
294,1,1,1,0
295,4,0,0,0
296,1,0,0,0
297,3,0,1,0
298,2,1,0,0
299,2,0,-1,0
300,3,0,0,0
301,3,0,1,0
302,4,0,0,0
303,3,0,1,0
304,2,0,-1,0
305,2,1,0,0
306,1,1,1,0
307,2,1,0,0
308,2,1,-1,0
309,1,1,1,0
310,4,0,0,0
311,4,0,0,0
312,2,1,0,0
313,2,1,-1,0
314,3,1,0,0
315,1,1,0,0
316,3,0,1,0
317,3,0,1,0
318,3,0,1,0
319,4,1,-1,0
320,4,0,0,0
321,3,1,1,0
322,2,0,-1,0
323,1,1,0,0
324,2,0,-1,0
325,1,1,0,0
326,3,0,0,0
327,4,1,-1,0
328,4,1,-1,0
329,4,0,0,0
330,1,1,1,0
331,2,1,-1,0
332,4,0,-1,0
333,3,1,0,0
334,4,0,0,0
335,3,0,1,0
336,3,1,0,0
337,4,0,0,0
338,2,1,0,0
339,1,1,1,0
340,3,0,0,0
341,1,1,1,0
342,2,1,0,0
343,3,0,1,0
344,3,0,0,0
345,2,1,0,0
346,1,1,0,0
347,3,0,1,0
348,3,1,1,0
349,4,0,0,0
350,1,1,1,0
351,2,1,0,0
352,1,1,1,0
353,2,0,-1,0
354,4,0,0,0
355,4,0,0,0
356,3,1,1,0
357,1,1,1,0
358,1,1,0,0
359,3,1,0,0
360,4,0,0,0
361,4,0,0,0
362,3,1,0,0
363,3,0,0,0
364,3,0,1,0
365,1,1,1,0
366,1,1,1,0
367,2,1,0,0
368,1,1,0,0
369,3,1,0,0
370,2,1,-1,0
371,2,1,0,0
372,1,1,0,0
373,2,1,0,0
374,1,1,1,0
375,4,0,0,0
376,1,1,1,0
377,3,0,1,0
378,1,1,0,0
379,2,1,0,0
380,2,1,0,0
381,1,1,0,0
382,3,0,1,0
383,4,0,0,0
384,2,1,0,0
385,2,1,0,0
386,3,0,1,0
387,4,0,0,0
388,4,0,0,0
389,1,1,1,0
390,2,1,0,0
391,4,1,-1,0
392,2,1,0,0
393,3,1,1,0
394,4,0,0,0
395,3,1,0,0
396,3,1,0,0
397,2,1,0,0
398,3,1,0,0
399,2,1,-1,0
400,4,0,0,0
401,1,1,1,0
402,1,0,0,0
403,1,1,0,0
404,3,0,1,0
405,1,1,0,0
406,1,1,1,0
407,2,1,0,0
408,1,1,1,0
409,2,1,0,0
410,2,1,0,0
411,2,1,0,0
412,2,1,-1,0
413,4,0,-1,0
414,2,0,0,0
415,1,1,1,0
416,2,1,0,0
417,1,1,1,0
418,1,1,1,0
419,2,0,-1,0
420,4,1,-1,0
421,2,1,0,0
422,4,0,0,0
423,1,1,1,0
424,1,1,1,0
425,4,0,0,0
426,2,1,0,0
427,1,1,1,0
428,4,0,0,0
429,2,1,0,0
430,2,1,0,0
431,4,0,0,0
432,1,1,0,0
433,2,1,-1,0
434,3,0,1,0
435,2,1,0,0
436,4,0,0,0
437,1,1,1,0
438,3,1,0,0
439,2,1,0,0
440,4,0,-1,0
441,1,1,1,0
442,3,1,1,0
443,3,0,1,0
444,1,1,1,0
445,1,1,1,0
446,2,1,-1,0
447,3,0,1,0
448,4,0,0,0
449,3,1,0,0
450,1,1,1,0
451,1,1,1,0
452,2,1,0,0
453,4,1,-1,0
454,2,0,-1,0
455,3,0,1,0
456,3,0,1,0
457,3,1,0,0
458,4,0,0,0
459,1,0,0,0
460,3,0,0,0
461,3,0,1,0
462,1,1,1,0
463,4,0,-1,0
464,2,1,0,0
465,1,1,1,0
466,2,1,0,0
467,2,1,0,0
468,2,1,-1,0
469,3,1,1,0
470,2,1,0,0
471,3,0,1,0
472,4,0,0,0
473,3,1,0,0
474,2,1,0,0
475,1,0,0,0
476,2,1,0,0
477,2,0,0,0
478,2,0,-1,0
479,3,0,1,0
480,4,0,-1,0
481,4,0,0,0
482,1,1,1,0
483,2,1,-1,0
484,2,0,-1,0
485,3,0,1,0
486,2,1,0,0
487,2,1,0,0
488,3,0,1,0
489,4,0,0,0
490,1,1,1,0
491,4,1,-1,0
492,1,0,0,0
493,1,1,1,0
494,1,1,1,0
495,2,1,0,0
496,3,1,0,0
497,2,1,0,0
498,2,1,0,0
499,2,1,0,0
500,2,1,-1,0
501,1,1,0,0
502,3,0,1,0
503,1,1,1,0
504,1,1,1,0
505,1,1,0,0
506,3,0,1,0
507,4,0,-1,0
508,1,1,1,0
509,2,1,0,0
510,1,1,0,0
511,1,1,1,0
512,2,1,-1,0
513,3,0,1,0
514,1,1,1,0
515,1,1,1,0
516,4,0,-1,0
517,1,1,1,0
518,4,1,-1,0
519,4,0,0,0
520,1,1,1,0
521,1,1,1,0
522,2,0,-1,0
523,3,1,0,0
524,2,0,-1,0
525,3,1,0,0
526,1,1,1,0
527,1,1,1,0
528,1,1,1,0
529,2,1,-1,0
530,1,1,1,0
531,3,0,1,0
532,1,1,1,0
533,3,0,1,0
534,1,1,1,0
535,3,1,1,0
536,4,1,-1,0
537,3,0,0,0
538,3,0,0,0
539,3,1,0,0
540,4,0,-1,0
541,1,1,1,0
542,2,1,0,0
543,2,1,0,0
544,3,1,0,0
545,1,1,1,0
546,1,1,0,0
547,3,1,0,0
548,4,0,0,0
549,2,1,0,0
550,3,1,0,0
551,3,1,0,0
552,4,0,0,0
553,3,0,0,0
554,2,1,0,0
555,1,1,1,0
556,3,1,0,0
557,1,1,0,0
558,3,0,1,0
559,2,1,0,0
560,4,0,0,0
561,2,1,0,0
562,3,1,1,0
563,4,0,0,0
564,3,1,0,0
565,1,1,1,0
566,4,0,0,0
567,2,1,-1,0
568,3,0,0,0
569,3,0,1,0
570,2,0,-1,0
571,2,1,0,0
572,3,1,1,0
573,3,0,1,0
574,4,1,-1,0
575,4,1,-1,0
576,4,0,-1,0
577,3,1,1,0
578,2,1,0,0
579,2,1,0,0
580,1,1,1,0
581,3,1,0,0
582,4,0,0,0
583,3,1,0,0
584,3,0,1,0
585,2,1,0,0
586,4,0,0,0
587,1,1,1,0
588,1,1,1,0
589,4,0,0,0
590,1,1,1,0
591,4,0,-1,0
592,3,1,0,0
593,3,1,0,0
594,2,1,0,0
595,1,1,1,0
596,2,1,-1,0
597,1,1,0,0
598,2,1,0,0
599,2,1,0,0
0,4,0,-1,1
1,2,1,0,1
2,3,1,0,1
3,2,0,0,1
4,1,0,0,1
5,3,1,0,1
6,3,0,1,1
7,1,1,1,1
8,4,0,0,1
9,3,1,1,1
10,1,1,1,1
11,2,0,0,1
12,3,1,0,1
13,4,1,-1,1
14,3,1,0,1
15,3,1,0,1
16,2,1,0,1
17,3,1,0,1
18,3,1,0,1
19,1,1,1,1
20,3,1,0,1
21,3,1,0,1
22,3,0,1,1
23,1,1,1,1
24,2,0,-1,1
25,3,0,1,1
26,2,1,-1,1
27,3,0,0,1
28,4,0,0,1
29,2,0,-1,1
30,4,1,-1,1
31,2,0,-1,1
32,4,0,0,1
33,4,0,0,1
34,2,1,0,1
35,4,0,0,1
36,1,1,0,1
37,3,1,0,1
38,1,1,1,1
39,4,0,0,1
40,4,1,-1,1
41,1,1,1,1
42,2,0,-1,1
43,2,1,0,1
44,4,0,0,1
45,1,0,0,1
46,3,1,0,1
47,2,1,0,1
48,2,1,0,1
49,1,1,1,1
50,1,1,0,1
51,1,1,1,1
52,3,0,1,1
53,2,1,0,1
54,2,1,0,1
55,2,1,-1,1
56,1,1,0,1
57,2,1,0,1
58,1,1,1,1
59,3,0,0,1
60,2,1,0,1
61,2,0,-1,1
62,1,1,1,1
63,3,1,0,1
64,4,0,0,1
65,1,1,1,1
66,1,1,1,1
67,3,0,0,1
68,3,1,0,1
69,3,1,0,1
70,4,1,-1,1
71,4,0,0,1
72,1,1,1,1
73,3,0,1,1
74,3,0,1,1
75,3,0,1,1
76,2,1,0,1
77,2,0,-1,1
78,1,1,1,1
79,2,1,0,1
80,1,1,1,1
81,2,1,0,1
82,3,1,0,1
83,3,0,1,1
84,3,1,0,1
85,4,0,0,1
86,4,0,-1,1
87,4,0,0,1
88,3,0,0,1
89,4,0,0,1
90,4,0,0,1
91,1,1,1,1
92,1,1,0,1
93,2,1,0,1
94,4,0,0,1
95,4,0,0,1
96,2,1,0,1
97,1,1,1,1
98,4,0,-1,1
99,3,1,0,1
100,4,1,-1,1
101,3,0,1,1
102,4,0,0,1
103,3,0,1,1
104,3,1,1,1
105,1,1,1,1
106,2,1,0,1
107,2,1,-1,1
108,2,1,0,1
109,3,1,0,1
110,2,1,0,1
111,3,1,0,1
112,4,0,-1,1
113,1,1,1,1
114,2,1,-1,1
115,1,1,0,1
116,4,0,0,1
117,2,1,0,1
118,1,1,1,1
119,4,0,0,1
120,4,0,0,1
121,4,0,0,1
122,1,1,1,1
123,1,1,1,1
124,1,1,1,1
125,3,0,1,1
126,1,1,1,1
127,3,1,0,1
128,3,0,1,1
129,1,1,1,1
130,3,1,0,1
131,2,1,0,1
132,2,1,0,1
133,3,1,0,1
134,4,0,0,1
135,2,0,-1,1
136,2,1,0,1
137,1,1,1,1
138,4,1,-1,1
139,3,0,1,1
140,2,1,0,1
141,1,1,1,1
142,2,1,-1,1
143,1,1,0,1
144,4,0,-1,1
145,3,1,0,1
146,1,1,1,1
147,3,0,0,1
148,2,1,0,1
149,4,0,0,1
150,3,0,1,1
151,1,1,1,1
152,1,1,1,1
153,4,0,-1,1
154,2,1,-1,1
155,3,0,0,1
156,1,1,1,1
157,2,0,-1,1
158,2,0,0,1
159,1,1,1,1
160,3,0,0,1
161,2,0,-1,1
162,3,1,0,1
163,3,1,0,1
164,1,1,1,1
165,2,1,0,1
166,3,0,1,1
167,4,1,-1,1
168,3,0,0,1
169,4,1,-1,1
170,3,0,1,1
171,4,1,-1,1
172,3,0,1,1
173,4,0,0,1
174,1,1,1,1
175,2,0,-1,1
176,3,0,1,1
177,2,1,0,1
178,4,0,0,1
179,3,0,1,1
180,2,1,-1,1
181,4,1,-1,1
182,4,0,0,1
183,4,0,0,1
184,3,0,0,1
185,1,1,1,1
186,1,1,1,1
187,3,0,1,1
188,1,1,1,1
189,2,1,0,1
190,2,0,0,1
191,3,1,0,1
192,2,0,-1,1
193,4,1,-1,1
194,3,1,1,1
195,3,0,1,1
196,2,1,0,1
197,3,1,1,1
198,4,0,-1,1
199,1,1,0,1
200,4,0,0,1
201,4,0,0,1
202,4,1,0,1
203,4,0,-1,1
204,4,0,0,1
205,4,1,-1,1
206,4,0,0,1
207,1,1,1,1
208,1,1,1,1
209,4,1,0,1
210,4,0,0,1
211,1,1,1,1
212,1,1,0,1
213,2,1,0,1
214,1,1,1,1
215,2,1,0,1
216,4,0,-1,1
217,2,1,-1,1
218,3,0,0,1
219,1,1,1,1
220,1,1,0,1
221,4,1,-1,1
222,3,1,0,1
223,4,1,-1,1
224,3,1,0,1
225,1,1,1,1
226,2,1,0,1
227,1,1,0,1
228,2,0,0,1
229,1,1,1,1
230,2,0,-1,1
231,3,0,1,1
232,3,1,0,1
233,3,0,1,1
234,2,1,0,1
235,1,1,1,1
236,4,1,-1,1
237,4,1,-1,1
238,2,1,0,1
239,1,1,0,1
240,2,1,0,1
241,4,0,0,1
242,1,1,1,1
243,4,0,-1,1
244,4,1,-1,1
245,3,1,0,1
246,4,0,-1,1
247,2,1,0,1
248,4,0,0,1
249,1,1,1,1
250,4,1,-1,1
251,1,1,1,1
252,1,1,1,1
253,4,1,-1,1
254,4,0,0,1
255,3,0,1,1
256,3,0,0,1
257,1,1,1,1
258,3,0,1,1
259,4,0,-1,1
260,2,0,-1,1
261,2,1,0,1
262,1,1,1,1
263,1,1,1,1
264,3,0,1,1
265,2,1,0,1
266,1,1,1,1
267,1,0,0,1
268,4,1,-1,1
269,4,0,0,1
270,4,0,0,1
271,1,1,0,1
272,4,0,0,1
273,3,0,1,1
274,3,0,1,1
275,3,1,0,1
276,1,1,1,1
277,1,1,1,1
278,4,0,0,1
279,4,0,0,1
280,3,0,0,1
281,4,0,0,1
282,4,0,0,1
283,1,1,0,1
284,3,1,0,1
285,4,0,0,1
286,1,1,1,1
287,1,1,1,1
288,4,0,0,1
289,1,1,0,1
290,1,1,1,1
291,1,1,1,1
292,3,0,1,1
293,3,0,1,1
294,4,0,0,1
295,1,1,1,1
296,3,0,1,1
297,4,0,0,1
298,2,1,0,1
299,1,1,0,1
300,1,1,1,1
301,2,1,0,1
302,4,0,-1,1
303,4,0,0,1
304,3,1,1,1
305,3,0,1,1
306,2,1,-1,1
307,1,1,1,1
308,4,0,0,1
309,2,1,-1,1
310,4,0,0,1
311,4,0,-1,1
312,2,1,-1,1
313,4,0,0,1
314,3,0,1,1
315,1,1,1,1
316,1,1,1,1
317,4,1,0,1
318,3,0,0,1
319,2,0,0,1
320,3,0,1,1
321,2,1,0,1
322,2,0,-1,1
323,3,1,0,1
324,1,1,1,1
325,4,0,0,1
326,3,0,1,1
327,1,1,1,1
328,3,1,0,1
329,1,1,1,1
330,3,1,1,1
331,2,0,-1,1
332,1,1,1,1
333,2,0,0,1
334,4,1,0,1
335,4,1,-1,1
336,1,1,1,1
337,3,1,0,1
338,2,0,-1,1
339,1,1,1,1
340,2,1,0,1
341,3,0,1,1
342,3,1,0,1
343,2,0,-1,1
344,4,1,-1,1
345,1,1,0,1
346,1,1,1,1
347,1,1,1,1
348,1,1,1,1
349,3,1,0,1
350,1,1,1,1
351,4,1,0,1
352,3,0,1,1
353,2,0,-1,1
354,2,1,0,1
355,2,1,-1,1
356,3,0,0,1
357,4,0,0,1
358,2,1,-1,1
359,3,0,1,1
360,4,0,0,1
361,1,1,1,1
362,1,1,0,1
363,2,1,0,1
364,1,1,0,1
365,3,0,0,1
366,3,0,1,1
367,3,1,0,1
368,4,0,0,1
369,1,1,1,1
370,1,1,0,1
371,4,0,0,1
372,4,1,-1,1
373,1,1,1,1
374,3,0,1,1
375,1,1,1,1
376,3,0,1,1
377,4,1,-1,1
378,2,1,0,1
379,3,0,1,1
380,2,1,-1,1
381,3,1,0,1
382,2,1,0,1
383,4,0,0,1
384,2,1,0,1
385,3,0,0,1
386,3,0,0,1
387,2,1,0,1
388,4,0,0,1
389,2,1,0,1
390,4,0,0,1
391,2,1,0,1
392,1,0,0,1
393,1,1,1,1
394,2,1,0,1
395,1,1,1,1
396,3,1,1,1
397,1,1,1,1
398,1,1,1,1
399,1,1,1,1
400,1,1,0,1
401,1,1,1,1
402,3,1,0,1
403,2,1,0,1
404,4,0,0,1
405,3,1,1,1
406,3,1,0,1
407,2,1,0,1
408,3,1,0,1
409,3,1,0,1
410,1,1,1,1
411,4,0,-1,1
412,1,1,1,1
413,2,1,0,1
414,4,0,-1,1
415,3,1,1,1
416,2,1,-1,1
417,1,1,1,1
418,1,1,1,1
419,4,0,0,1
420,2,1,0,1
421,2,1,-1,1
422,4,0,0,1
423,3,1,0,1
424,2,1,0,1
425,1,1,1,1
426,2,1,0,1
427,1,1,0,1
428,4,0,0,1
429,2,1,0,1
430,2,1,-1,1
431,1,1,1,1
432,2,1,0,1
433,3,0,0,1
434,4,0,0,1
435,2,1,0,1
436,3,1,0,1
437,2,1,0,1
438,2,0,-1,1
439,4,0,-1,1
440,4,0,0,1
441,2,1,0,1
442,2,1,0,1
443,2,1,0,1
444,3,1,0,1
445,2,1,0,1
446,1,1,0,1
447,4,0,0,1
448,3,0,1,1
449,2,1,-1,1
450,3,1,0,1
451,3,1,0,1
452,3,1,0,1
453,1,1,1,1
454,3,0,1,1
455,1,1,1,1
456,4,0,-1,1
457,1,1,1,1
458,1,0,0,1
459,4,1,-1,1
460,3,1,0,1
461,3,0,1,1
462,3,1,0,1
463,1,1,1,1
464,4,0,0,1
465,4,0,0,1
466,3,0,1,1
467,1,1,1,1
468,4,0,0,1
469,4,1,-1,1
470,3,0,1,1
471,4,0,-1,1
472,2,0,-1,1
473,2,1,0,1
474,3,0,1,1
475,4,0,0,1
476,2,1,-1,1
477,2,1,-1,1
478,1,1,0,1
479,3,0,1,1
480,1,1,1,1
481,4,1,-1,1
482,3,0,1,1
483,3,0,1,1
484,4,0,0,1
485,3,0,0,1
486,1,1,0,1
487,4,0,0,1
488,2,1,-1,1
489,1,1,1,1
490,4,0,0,1
491,1,1,1,1
492,4,0,0,1
493,4,0,0,1
494,4,0,0,1
495,4,0,-1,1
496,1,1,1,1
497,2,1,-1,1
498,3,1,0,1
499,1,1,1,1
500,2,0,-1,1
501,1,0,0,1
502,4,0,0,1
503,2,1,0,1
504,2,0,-1,1
505,2,0,-1,1
506,1,1,1,1
507,3,0,1,1
508,3,1,0,1
509,2,1,0,1
510,3,0,0,1
511,3,0,1,1
512,1,1,1,1
513,2,1,-1,1
514,4,1,-1,1
515,3,0,1,1
516,4,1,0,1
517,1,1,1,1
518,1,1,1,1
519,3,0,1,1
520,1,1,0,1
521,3,0,1,1
522,4,0,0,1
523,2,0,-1,1
524,4,0,0,1
525,3,0,0,1
526,2,1,0,1
527,2,1,0,1
528,1,1,1,1
529,3,0,0,1
530,3,0,1,1
531,3,1,0,1
532,1,1,1,1
533,3,1,0,1
534,1,1,1,1
535,4,0,0,1
536,1,1,1,1
537,2,1,-1,1
538,3,0,1,1
539,1,1,1,1
540,1,1,0,1
541,2,1,0,1
542,3,0,0,1
543,1,0,1,1
544,4,0,0,1
545,4,0,-1,1
546,4,0,0,1
547,4,0,0,1
548,1,1,1,1
549,3,0,1,1
550,2,1,-1,1
551,4,0,-1,1
552,3,0,0,1
553,3,1,0,1
554,1,1,1,1
555,1,1,1,1
556,1,1,1,1
557,3,0,1,1
558,4,1,-1,1
559,4,1,-1,1
560,4,1,-1,1
561,2,1,0,1
562,1,1,1,1
563,1,1,1,1
564,4,0,0,1
565,2,1,-1,1
566,2,1,0,1
567,4,0,0,1
568,1,1,1,1
569,1,1,1,1
570,4,0,0,1
571,4,0,0,1
572,1,1,1,1
573,4,0,0,1
574,2,0,-1,1
575,2,1,-1,1
576,3,0,0,1
577,1,1,0,1
578,2,1,-1,1
579,1,1,1,1
580,4,0,0,1
581,2,0,0,1
582,1,1,0,1
583,1,1,1,1
584,4,0,-1,1
585,2,0,-1,1
586,1,1,1,1
587,1,1,0,1
588,4,1,-1,1
589,2,1,0,1
590,2,0,-1,1
591,4,0,0,1
592,1,1,1,1
593,1,1,0,1
594,4,0,0,1
595,2,1,0,1
596,3,1,1,1
597,4,0,0,1
598,3,1,0,1
599,1,1,1,1
0,3,1,0,2
1,3,1,0,2
2,2,1,0,2
3,4,1,0,2
4,2,1,0,2
5,4,1,0,2
6,1,0,0,2
7,3,0,1,2
8,3,1,1,2
9,2,1,0,2
10,1,1,1,2
11,1,0,1,2
12,4,1,-1,2
13,2,1,-1,2
14,2,0,-1,2
15,2,1,0,2
16,1,1,1,2
17,3,1,0,2
18,3,1,0,2
19,4,0,0,2
20,1,1,1,2
21,4,0,0,2
22,4,0,-1,2
23,2,0,-1,2
24,2,1,-1,2
25,3,1,0,2
26,3,0,1,2
27,2,0,-1,2
28,2,1,0,2
29,3,1,0,2
30,4,0,0,2
31,4,0,0,2
32,3,1,0,2
33,4,1,-1,2
34,1,1,1,2
35,4,0,0,2
36,1,0,1,2
37,3,1,0,2
38,2,0,-1,2
39,1,0,1,2
40,1,1,1,2
41,4,0,0,2
42,2,1,0,2
43,1,1,1,2
44,2,1,-1,2
45,3,1,0,2
46,1,1,0,2
47,3,1,1,2
48,3,1,0,2
49,1,1,1,2
50,4,0,0,2
51,3,0,1,2
52,3,0,1,2
53,4,1,-1,2
54,3,1,0,2
55,3,0,1,2
56,1,0,0,2
57,3,0,1,2
58,1,1,1,2
59,1,1,1,2
60,1,1,1,2
61,4,0,0,2
62,1,1,1,2
63,3,1,0,2
64,3,0,1,2
65,4,0,0,2
66,1,1,1,2
67,2,1,0,2
68,3,0,1,2
69,1,1,1,2
70,1,0,0,2
71,2,1,-1,2
72,3,0,1,2
73,1,1,1,2
74,2,1,0,2
75,4,0,0,2
76,1,1,1,2
77,4,0,0,2
78,1,1,1,2
79,2,1,0,2
80,2,1,0,2
81,2,1,0,2
82,1,1,1,2
83,1,1,1,2
84,2,1,-1,2
85,2,1,0,2
86,1,1,1,2
87,2,1,0,2
88,3,1,0,2
89,2,1,-1,2
90,2,1,0,2
91,3,0,1,2
92,1,1,1,2
93,2,1,0,2
94,2,1,0,2
95,1,1,1,2
96,1,1,1,2
97,1,1,0,2
98,4,0,0,2
99,1,1,1,2
100,3,0,1,2
101,1,1,1,2
102,1,1,0,2
103,2,1,0,2
104,4,0,0,2
105,4,0,0,2
106,2,1,0,2
107,2,1,-1,2
108,3,0,0,2
109,3,0,1,2
110,4,0,0,2
111,1,1,0,2
112,1,1,1,2
113,2,1,0,2
114,2,1,0,2
115,2,1,0,2
116,1,1,1,2
117,1,1,1,2
118,2,1,-1,2
119,4,0,0,2
120,2,1,0,2
121,1,1,1,2
122,2,0,-1,2
123,2,1,0,2
124,2,1,-1,2
125,1,1,0,2
126,1,1,1,2
127,1,1,1,2
128,1,1,1,2
129,2,0,-1,2
130,1,1,1,2
131,3,1,0,2
132,4,0,-1,2
133,3,0,1,2
134,4,0,0,2
135,4,0,0,2
136,2,1,0,2
137,4,0,0,2
138,2,1,0,2
139,4,0,0,2
140,1,1,1,2
141,1,1,0,2
142,4,0,-1,2
143,1,1,1,2
144,2,1,0,2
145,4,0,-1,2
146,1,1,1,2
147,2,1,0,2
148,2,1,-1,2
149,4,1,0,2
150,2,1,0,2
151,4,1,-1,2
152,1,1,1,2
153,1,1,1,2
154,4,0,0,2
155,3,1,1,2
156,4,1,-1,2
157,3,1,0,2
158,4,0,-1,2
159,2,0,-1,2
160,4,1,0,2
161,3,1,1,2
162,2,1,0,2
163,2,1,0,2
164,4,0,0,2
165,3,0,1,2
166,2,1,-1,2
167,3,0,0,2
168,4,1,-1,2
169,4,0,0,2
170,3,1,0,2
171,4,1,-1,2
172,2,0,-1,2
173,3,1,0,2
174,3,1,0,2
175,2,1,0,2
176,2,1,-1,2
177,3,0,0,2
178,3,1,1,2
179,1,1,0,2
180,2,1,0,2
181,4,0,-1,2
182,1,1,1,2
183,3,1,0,2
184,4,1,-1,2
185,2,0,-1,2
186,1,1,1,2
187,3,1,0,2
188,2,1,0,2
189,2,0,-1,2
190,3,0,1,2
191,2,1,0,2
192,3,0,1,2
193,3,0,1,2
194,1,1,1,2
195,2,1,0,2
196,4,0,0,2
197,2,1,-1,2
198,3,1,0,2
199,4,0,0,2
200,3,1,0,2
201,1,1,1,2
202,3,1,0,2
203,1,1,1,2
204,3,0,1,2
205,2,0,0,2
206,1,1,1,2
207,1,1,1,2
208,2,1,0,2
209,1,1,1,2
210,4,0,0,2
211,1,1,1,2
212,3,0,0,2
213,4,0,-1,2
214,3,0,0,2
215,3,0,0,2
216,2,0,-1,2
217,4,0,0,2
218,1,1,1,2
219,1,1,1,2
220,1,1,1,2
221,4,1,0,2
222,2,1,-1,2
223,4,0,-1,2
224,2,1,0,2
225,1,1,1,2
226,4,0,0,2
227,3,1,0,2
228,4,1,-1,2
229,4,1,-1,2
230,2,1,0,2
231,3,1,0,2
232,1,1,1,2
233,2,1,0,2
234,4,1,-1,2
235,3,0,0,2
236,1,1,1,2
237,3,0,1,2
238,4,0,0,2
239,4,0,0,2
240,2,1,-1,2
241,1,1,1,2
242,3,0,0,2
243,2,0,-1,2
244,3,0,1,2
245,4,1,0,2
246,2,1,0,2
247,3,1,0,2
248,2,1,0,2
249,1,1,1,2
250,3,0,1,2
251,4,0,-1,2
252,3,0,1,2
253,3,0,1,2
254,1,1,1,2
255,3,0,1,2
256,1,1,0,2
257,4,1,-1,2
258,3,0,1,2
259,2,1,0,2
260,3,1,0,2
261,4,0,-1,2
262,3,0,1,2
263,2,1,0,2
264,3,0,1,2
265,4,1,-1,2
266,1,1,1,2
267,1,1,1,2
268,1,1,1,2
269,3,1,0,2
270,2,1,0,2
271,1,1,1,2
272,1,1,0,2
273,1,1,0,2
274,3,0,1,2
275,1,1,0,2
276,1,0,0,2
277,1,0,0,2
278,4,1,-1,2
279,4,0,0,2
280,1,1,1,2
281,3,0,1,2
282,1,1,1,2
283,2,1,0,2
284,3,0,1,2
285,1,1,0,2
286,3,0,1,2
287,2,0,-1,2
288,4,0,0,2
289,3,0,1,2
290,2,1,0,2
291,3,0,1,2
292,3,0,1,2
293,3,0,0,2
294,2,1,0,2
295,3,0,1,2
296,3,0,1,2
297,1,1,1,2
298,4,0,0,2
299,4,0,0,2
300,2,1,-1,2
301,1,1,0,2
302,1,1,1,2
303,2,1,0,2
304,2,1,0,2
305,2,0,-1,2
306,1,1,1,2
307,2,1,0,2
308,2,1,0,2
309,2,1,-1,2
310,2,1,0,2
311,3,0,0,2
312,2,1,0,2
313,4,0,0,2
314,4,0,0,2
315,1,1,1,2
316,2,0,-1,2
317,4,0,0,2
318,4,0,0,2
319,4,0,0,2
320,4,0,0,2
321,4,0,0,2
322,2,1,-1,2
323,2,1,0,2
324,1,1,1,2
325,1,1,1,2
326,4,1,-1,2
327,1,0,0,2
328,1,1,1,2
329,2,0,0,2
330,1,1,1,2
331,3,1,1,2
332,3,1,0,2
333,3,1,0,2
334,3,1,0,2
335,4,0,0,2
336,1,1,1,2
337,4,0,0,2
338,2,1,0,2
339,4,0,0,2
340,3,0,1,2
341,1,1,1,2
342,2,1,0,2
343,2,1,0,2
344,2,0,-1,2
345,2,1,0,2
346,4,0,0,2
347,1,1,1,2
348,2,0,-1,2
349,3,1,1,2
350,4,0,0,2
351,1,1,1,2
352,1,1,1,2
353,2,1,0,2
354,1,1,1,2
355,2,1,-1,2
356,1,1,1,2
357,1,1,0,2
358,3,0,0,2
359,3,1,0,2
360,3,0,1,2
361,2,1,0,2
362,4,0,0,2
363,3,1,0,2
364,1,1,1,2
365,1,1,0,2
366,4,0,0,2
367,2,1,0,2
368,1,1,1,2
369,4,0,0,2
370,4,0,0,2
371,4,1,0,2
372,4,0,0,2
373,1,1,1,2
374,2,1,0,2
375,3,0,1,2
376,4,1,-1,2
377,3,0,1,2
378,3,1,0,2
379,3,1,0,2
380,2,1,-1,2
381,4,0,-1,2
382,2,1,-1,2
383,4,0,0,2
384,1,1,1,2
385,2,1,0,2
386,4,1,-1,2
387,1,1,0,2
388,3,1,0,2
389,1,1,1,2
390,3,1,1,2
391,1,1,1,2
392,3,1,0,2
393,2,1,0,2
394,3,0,1,2
395,3,1,0,2
396,1,1,1,2
397,4,0,0,2
398,2,1,0,2
399,4,0,0,2
400,2,0,-1,2
401,1,1,1,2
402,2,0,-1,2
403,2,1,0,2
404,4,0,0,2
405,4,0,0,2
406,3,0,1,2
407,3,1,0,2
408,3,0,0,2
409,2,1,0,2
410,3,0,0,2
411,1,1,1,2
412,4,0,-1,2
413,2,1,0,2
414,3,1,0,2
415,3,1,1,2
416,1,1,1,2
417,4,0,0,2
418,4,0,0,2
419,1,1,1,2
420,2,1,0,2
421,1,1,1,2
422,3,1,1,2
423,4,1,0,2
424,4,0,0,2
425,3,1,0,2
426,3,1,1,2
427,3,0,1,2
428,1,0,1,2
429,2,1,0,2
430,4,0,0,2
431,3,0,1,2
432,1,1,1,2
433,4,0,-1,2
434,1,1,1,2
435,1,1,1,2
436,4,0,0,2
437,3,0,1,2
438,1,1,0,2
439,3,1,0,2
440,4,0,-1,2
441,3,1,1,2
442,4,1,-1,2
443,3,0,1,2
444,4,1,-1,2
445,1,1,1,2
446,4,0,0,2
447,2,1,0,2
448,1,1,1,2
449,1,1,1,2
450,2,1,0,2
451,3,0,0,2
452,4,0,0,2
453,3,0,1,2
454,2,1,-1,2
455,4,0,0,2
456,4,0,0,2
457,3,1,0,2
458,4,0,0,2
459,1,1,0,2
460,4,0,0,2
461,3,0,1,2
462,4,1,-1,2
463,2,1,-1,2
464,3,1,0,2
465,1,1,1,2
466,2,1,0,2
467,3,0,0,2
468,1,1,1,2
469,2,0,-1,2
470,1,0,0,2
471,2,1,0,2
472,1,1,0,2
473,3,1,0,2
474,4,0,0,2
475,2,1,0,2
476,4,0,0,2
477,4,0,-1,2
478,2,1,0,2
479,3,0,1,2
480,1,1,1,2
481,1,1,1,2
482,2,1,-1,2
483,2,1,0,2
484,1,1,1,2
485,4,0,0,2
486,3,1,0,2
487,4,0,0,2
488,2,1,0,2
489,3,0,1,2
490,4,0,0,2
491,1,1,1,2
492,2,0,0,2
493,1,1,1,2
494,2,1,-1,2
495,1,1,1,2
496,3,0,1,2
497,3,1,0,2
498,3,0,0,2
499,2,1,0,2
500,2,1,0,2
501,3,0,1,2
502,1,1,1,2
503,3,0,1,2
504,2,1,0,2
505,4,0,-1,2
506,1,1,1,2
507,3,0,1,2
508,1,1,1,2
509,3,0,1,2
510,3,0,1,2
511,3,1,1,2
512,4,0,0,2
513,3,0,0,2
514,2,1,0,2
515,1,1,1,2
516,1,1,1,2
517,4,0,0,2
518,4,0,0,2
519,1,1,0,2
520,2,1,0,2
521,2,0,-1,2
522,1,1,1,2
523,4,0,0,2
524,3,1,0,2
525,3,0,1,2
526,3,0,1,2
527,1,1,1,2
528,3,0,1,2
529,4,0,0,2
530,3,0,1,2
531,1,1,1,2
532,1,1,0,2
533,4,0,0,2
534,4,0,0,2
535,3,0,0,2
536,3,0,1,2
537,2,0,-1,2
538,2,1,0,2
539,2,1,0,2
540,1,1,0,2
541,2,1,0,2
542,2,1,-1,2
543,4,0,-1,2
544,1,1,1,2
545,4,1,-1,2
546,1,1,1,2
547,1,1,1,2
548,1,1,1,2
549,1,1,1,2
550,2,1,0,2
551,2,0,-1,2
552,3,0,1,2
553,1,1,0,2
554,4,0,0,2
555,2,1,0,2
556,1,1,0,2
557,4,1,-1,2
558,1,1,1,2
559,3,0,1,2
560,1,0,0,2
561,1,1,1,2
562,1,1,1,2
563,4,0,-1,2
564,3,1,1,2
565,3,0,1,2
566,4,0,0,2
567,1,1,1,2
568,4,0,0,2
569,1,1,1,2
570,3,0,0,2
571,4,0,-1,2
572,2,1,-1,2
573,4,0,-1,2
574,4,1,-1,2
575,4,0,0,2
576,1,1,1,2
577,3,0,1,2
578,3,0,1,2
579,2,1,0,2
580,4,0,-1,2
581,1,1,1,2
582,1,1,0,2
583,4,0,0,2
584,2,1,0,2
585,1,1,1,2
586,1,1,1,2
587,3,0,1,2
588,2,0,-1,2
589,2,1,0,2
590,2,1,-1,2
591,4,0,-1,2
592,2,1,0,2
593,2,0,-1,2
594,2,1,0,2
595,1,1,0,2
596,4,0,0,2
597,2,1,0,2
598,4,0,0,2
599,4,0,0,2
0,1,1,1,3
1,3,0,1,3
2,2,1,-1,3
3,3,0,1,3
4,4,1,-1,3
5,4,1,-1,3
6,4,0,0,3
7,3,1,1,3
8,4,0,0,3
9,4,1,-1,3
10,3,1,1,3
11,3,0,1,3
12,1,1,1,3
13,1,1,1,3
14,1,1,1,3
15,1,0,0,3
16,3,1,0,3
17,3,1,0,3
18,1,1,0,3
19,4,0,0,3
20,3,0,1,3
21,4,0,0,3
22,2,0,-1,3
23,4,0,0,3
24,2,0,0,3
25,2,0,-1,3
26,4,1,-1,3
27,3,0,1,3
28,4,0,0,3
29,1,1,1,3
30,4,0,0,3
31,3,0,1,3
32,3,0,1,3
33,4,0,0,3
34,4,1,-1,3
35,4,0,-1,3
36,1,1,0,3
37,4,0,-1,3
38,4,0,-1,3
39,2,0,-1,3
40,2,0,0,3
41,3,1,0,3
42,2,1,0,3
43,1,1,1,3
44,1,1,1,3
45,2,1,0,3
46,1,1,1,3
47,2,0,0,3
48,4,1,-1,3
49,2,0,-1,3
50,3,0,1,3
51,4,0,0,3
52,2,1,0,3
53,3,0,0,3
54,1,1,1,3
55,2,1,0,3
56,2,1,0,3
57,3,0,1,3
58,2,1,0,3
59,2,1,0,3
60,3,1,0,3
61,4,1,0,3
62,3,0,1,3
63,2,0,-1,3
64,3,0,1,3
65,2,0,-1,3
66,1,1,1,3
67,3,1,0,3
68,3,0,1,3
69,2,1,-1,3
70,1,0,0,3
71,1,0,0,3
72,2,1,0,3
73,4,0,0,3
74,3,0,1,3
75,3,1,0,3
76,1,1,1,3
77,4,0,0,3
78,3,0,0,3
79,3,0,1,3
80,2,1,0,3
81,3,0,1,3
82,2,1,0,3
83,1,1,1,3
84,2,1,0,3
85,3,0,1,3
86,2,1,0,3
87,4,0,0,3
88,4,0,0,3
89,1,1,1,3
90,3,1,0,3
91,3,0,0,3
92,3,0,1,3
93,1,1,1,3
94,2,1,0,3
95,2,1,0,3
96,3,0,1,3
97,1,1,1,3
98,4,0,0,3
99,1,1,1,3
100,3,0,1,3
101,3,0,0,3
102,4,1,0,3
103,3,0,0,3
104,1,1,1,3
105,4,1,-1,3
106,2,1,-1,3
107,2,1,0,3
108,3,1,0,3
109,1,1,1,3
110,2,1,0,3
111,4,0,0,3
112,1,1,0,3
113,2,1,0,3
114,1,1,1,3
115,3,0,1,3
116,1,1,1,3
117,2,1,-1,3
118,1,1,1,3
119,3,1,0,3
120,1,1,1,3
121,3,1,1,3
122,3,0,1,3
123,2,1,0,3
124,2,1,-1,3
125,2,0,-1,3
126,4,0,0,3
127,4,1,0,3
128,4,0,0,3
129,4,0,0,3
130,1,1,1,3
131,2,1,-1,3
132,4,0,0,3
133,2,1,0,3
134,1,1,0,3
135,2,1,0,3
136,1,1,0,3
137,1,1,1,3
138,4,0,0,3
139,3,1,0,3
140,1,1,1,3
141,2,0,-1,3
142,2,1,-1,3
143,3,0,1,3
144,2,0,-1,3
145,2,1,0,3
146,3,0,1,3
147,2,1,0,3
148,4,0,0,3
149,4,1,-1,3
150,3,0,1,3
151,2,1,0,3
152,3,0,1,3
153,2,1,0,3
154,3,0,0,3
155,2,1,-1,3
156,4,1,-1,3
157,2,1,0,3
158,1,1,1,3
159,1,1,1,3
160,4,0,-1,3
161,3,1,1,3
162,3,1,0,3
163,4,0,0,3
164,4,0,-1,3
165,4,1,-1,3
166,2,1,0,3
167,1,0,0,3
168,1,1,0,3
169,3,0,1,3
170,4,0,0,3
171,4,0,-1,3
172,4,0,-1,3
173,3,0,0,3
174,3,1,0,3
175,1,1,1,3
176,1,1,1,3
177,3,0,1,3
178,4,1,-1,3
179,4,0,0,3
180,2,1,-1,3
181,4,0,0,3
182,2,0,-1,3
183,1,1,1,3
184,3,1,0,3
185,2,1,0,3
186,4,0,0,3
187,1,1,1,3
188,3,0,1,3
189,4,1,-1,3
190,4,0,0,3
191,1,1,1,3
192,1,1,1,3
193,1,1,1,3
194,3,0,1,3
195,2,1,0,3
196,1,1,1,3
197,2,0,-1,3
198,4,1,-1,3
199,4,0,0,3
200,1,1,1,3
201,4,1,-1,3
202,2,1,0,3
203,1,1,1,3
204,3,0,1,3
205,2,1,0,3
206,4,0,-1,3
207,1,1,1,3
208,2,1,0,3
209,1,1,1,3
210,4,0,0,3
211,3,0,0,3
212,2,1,0,3
213,1,1,1,3
214,1,1,1,3
215,1,1,0,3
216,1,0,0,3
217,4,0,0,3
218,4,0,-1,3
219,1,1,1,3
220,3,0,1,3
221,4,1,0,3
222,2,1,-1,3
223,2,0,-1,3
224,2,0,-1,3
225,1,1,1,3
226,4,1,-1,3
227,3,0,1,3
228,2,1,-1,3
229,1,1,1,3
230,4,1,-1,3
231,4,0,-1,3
232,4,0,0,3
233,3,0,1,3
234,1,1,1,3
235,3,0,1,3
236,4,0,0,3
237,3,0,1,3
238,2,1,-1,3
239,1,1,1,3
240,3,0,1,3
241,3,0,1,3
242,3,1,0,3
243,3,0,0,3
244,1,1,1,3
245,3,1,0,3
246,3,1,1,3
247,1,1,1,3
248,1,1,1,3
249,3,1,0,3
250,1,1,1,3
251,3,1,0,3
252,2,0,-1,3
253,2,1,-1,3
254,4,0,0,3
255,1,1,1,3
256,3,0,1,3
257,1,1,0,3
258,2,0,-1,3
259,1,1,0,3
260,1,1,0,3
261,1,1,1,3
262,4,1,-1,3
263,1,1,0,3
264,4,0,-1,3
265,3,0,1,3
266,1,1,1,3
267,4,0,0,3
268,4,1,0,3
269,2,1,0,3
270,2,1,-1,3
271,4,0,0,3
272,3,0,1,3
273,2,1,0,3
274,1,1,0,3
275,4,1,0,3
276,3,0,1,3
277,1,1,1,3
278,4,0,0,3
279,3,1,0,3
280,4,0,0,3
281,2,1,-1,3
282,2,1,0,3
283,4,0,0,3
284,4,0,-1,3
285,2,0,-1,3
286,3,0,1,3
287,3,0,0,3
288,2,1,0,3
289,4,1,-1,3
290,1,1,1,3
291,1,1,0,3
292,3,1,0,3
293,4,1,-1,3
294,3,0,0,3
295,2,1,0,3
296,4,1,-1,3
297,2,1,0,3
298,2,1,-1,3
299,2,1,0,3
300,1,1,0,3
301,2,1,0,3
302,1,1,1,3
303,4,0,0,3
304,1,1,1,3
305,4,0,-1,3
306,4,1,-1,3
307,2,1,0,3
308,1,1,1,3
309,4,0,0,3
310,2,1,-1,3
311,4,1,-1,3
312,1,1,0,3
313,3,0,1,3
314,4,1,0,3
315,1,1,1,3
316,3,0,0,3
317,1,1,1,3
318,1,1,1,3
319,3,1,0,3
320,2,1,-1,3
321,1,1,1,3
322,2,1,-1,3
323,3,1,0,3
324,3,0,1,3
325,2,1,0,3
326,1,1,1,3
327,3,0,0,3
328,2,1,0,3
329,1,1,1,3
330,4,1,-1,3
331,1,1,0,3
332,1,1,0,3
333,3,1,0,3
334,4,0,-1,3
335,3,0,1,3
336,3,0,0,3
337,3,0,1,3
338,2,0,0,3
339,2,1,-1,3
340,4,1,-1,3
341,1,1,1,3
342,1,1,1,3
343,3,0,0,3
344,4,0,0,3
345,3,0,1,3
346,2,0,-1,3
347,4,0,0,3
348,4,1,-1,3
349,3,0,1,3
350,2,0,-1,3
351,1,1,1,3
352,2,1,0,3
353,2,0,-1,3
354,3,1,0,3
355,1,1,1,3
356,4,0,-1,3
357,1,1,1,3
358,3,0,0,3
359,1,1,0,3
360,1,1,0,3
361,1,1,1,3
362,2,1,0,3
363,1,1,1,3
364,2,1,-1,3
365,2,1,0,3
366,2,1,0,3
367,3,1,0,3
368,3,0,1,3
369,2,1,0,3
370,1,1,0,3
371,2,1,-1,3
372,1,1,1,3
373,2,1,-1,3
374,4,0,0,3
375,3,1,0,3
376,3,0,0,3
377,1,0,0,3
378,2,1,0,3
379,3,1,1,3
380,2,1,0,3
381,1,1,0,3
382,1,1,0,3
383,1,1,0,3
384,3,1,0,3
385,3,0,1,3
386,3,1,0,3
387,3,1,0,3
388,2,1,0,3
389,4,0,0,3
390,1,1,1,3
391,1,1,1,3
392,1,1,1,3
393,4,0,0,3
394,2,1,0,3
395,1,1,1,3
396,4,0,0,3
397,2,0,-1,3
398,1,1,1,3
399,3,0,0,3
400,4,1,-1,3
401,2,1,0,3
402,4,1,-1,3
403,2,1,0,3
404,2,1,0,3
405,1,1,1,3
406,1,1,1,3
407,4,1,0,3
408,4,0,0,3
409,2,1,-1,3
410,1,1,1,3
411,3,1,1,3
412,2,1,0,3
413,2,1,0,3
414,3,1,1,3
415,4,1,-1,3
416,2,1,0,3
417,1,1,1,3
418,2,1,0,3
419,1,1,1,3
420,1,1,0,3
421,1,1,1,3
422,2,1,0,3
423,1,1,1,3
424,3,1,0,3
425,1,1,1,3
426,2,1,0,3
427,1,1,1,3
428,2,1,-1,3
429,1,1,1,3
430,2,1,-1,3
431,2,1,0,3
432,2,1,0,3
433,4,0,0,3
434,1,1,0,3
435,3,0,1,3
436,3,1,0,3
437,2,1,0,3
438,1,1,1,3
439,3,1,0,3
440,3,0,1,3
441,1,1,1,3
442,3,0,1,3
443,3,0,1,3
444,2,1,0,3
445,2,1,-1,3
446,3,0,1,3
447,4,0,0,3
448,2,0,-1,3
449,2,0,0,3
450,3,1,0,3
451,2,1,0,3
452,3,1,0,3
453,1,1,0,3
454,4,0,0,3
455,4,0,-1,3
456,2,1,0,3
457,1,1,1,3
458,2,1,-1,3
459,3,0,1,3
460,1,1,1,3
461,3,0,1,3
462,3,0,0,3
463,2,1,-1,3
464,3,0,1,3
465,2,1,0,3
466,4,0,0,3
467,1,1,0,3
468,2,1,-1,3
469,4,0,0,3
470,2,1,-1,3
471,1,1,0,3
472,2,0,-1,3
473,1,1,1,3
474,1,1,1,3
475,3,0,1,3
476,4,1,-1,3
477,1,1,1,3
478,4,0,0,3
479,4,0,0,3
480,1,1,1,3
481,3,0,0,3
482,1,1,0,3
483,1,1,0,3
484,4,0,0,3
485,2,0,-1,3
486,2,0,-1,3
487,4,0,-1,3
488,1,1,1,3
489,2,1,0,3
490,4,1,-1,3
491,1,1,1,3
492,4,0,0,3
493,4,1,-1,3
494,3,0,1,3
495,2,1,0,3
496,4,0,0,3
497,2,1,0,3
498,2,1,0,3
499,3,0,1,3
500,1,1,1,3
501,4,1,0,3
502,2,1,-1,3
503,1,1,1,3
504,1,1,1,3
505,2,0,-1,3
506,3,0,1,3
507,3,0,1,3
508,4,1,-1,3
509,2,1,0,3
510,1,1,1,3
511,2,0,-1,3
512,3,0,0,3
513,1,1,1,3
514,3,0,1,3
515,1,1,0,3
516,3,1,1,3
517,3,0,0,3
518,2,0,-1,3
519,1,1,1,3
520,2,1,0,3
521,2,1,0,3
522,1,1,1,3
523,3,1,0,3
524,1,1,1,3
525,3,0,1,3
526,4,0,0,3
527,4,1,0,3
528,1,1,1,3
529,3,0,0,3
530,2,1,-1,3
531,3,0,1,3
532,3,1,0,3
533,2,1,0,3
534,3,0,1,3
535,3,0,1,3
536,4,0,0,3
537,1,1,0,3
538,2,1,0,3
539,1,1,1,3
540,3,1,0,3
541,2,1,0,3
542,1,1,1,3
543,4,1,-1,3
544,3,0,1,3
545,4,0,-1,3
546,3,1,0,3
547,3,0,1,3
548,4,0,0,3
549,1,1,1,3
550,4,0,0,3
551,3,0,1,3
552,4,0,0,3
553,1,1,1,3
554,1,1,1,3
555,1,1,0,3
556,2,1,0,3
557,2,1,0,3
558,4,1,-1,3
559,2,1,0,3
560,2,1,0,3
561,3,1,0,3
562,4,0,0,3
563,4,0,0,3
564,4,0,-1,3
565,4,0,0,3
566,4,0,0,3
567,2,1,0,3
568,3,0,1,3
569,1,1,1,3
570,2,0,-1,3
571,2,1,-1,3
572,1,1,1,3
573,4,1,-1,3
574,4,0,0,3
575,2,1,0,3
576,2,1,-1,3
577,4,1,0,3
578,2,1,0,3
579,1,1,1,3
580,3,0,1,3
581,4,0,-1,3
582,3,0,1,3
583,3,0,1,3
584,4,0,0,3
585,2,1,0,3
586,2,1,0,3
587,4,0,0,3
588,3,1,1,3
589,3,0,1,3
590,4,0,0,3
591,4,0,0,3
592,4,0,-1,3
593,2,1,0,3
594,2,1,0,3
595,3,1,0,3
596,1,1,1,3
597,2,1,0,3
598,1,1,0,3
599,3,0,1,3
0,4,1,0,4
1,4,0,0,4
2,3,0,0,4
3,3,1,0,4
4,4,1,-1,4
5,4,0,0,4
6,4,0,0,4
7,1,1,1,4
8,4,0,-1,4
9,4,0,0,4
10,4,0,0,4
11,4,1,-1,4
12,1,1,1,4
13,4,0,0,4
14,3,1,1,4
15,4,0,0,4
16,4,0,0,4
17,4,0,0,4
18,2,1,0,4
19,1,1,1,4
20,4,0,-1,4
21,4,0,0,4
22,3,1,0,4
23,1,1,0,4
24,4,1,-1,4
25,2,1,0,4
26,1,1,0,4
27,1,0,0,4
28,3,1,1,4
29,2,1,0,4
30,4,1,-1,4
31,2,1,0,4
32,4,0,-1,4
33,1,0,0,4
34,4,0,-1,4
35,1,1,1,4
36,4,0,0,4
37,1,1,1,4
38,1,1,1,4
39,2,1,0,4
40,4,0,0,4
41,1,1,1,4
42,3,1,1,4
43,2,0,-1,4
44,4,1,-1,4
45,4,0,0,4
46,4,0,0,4
47,2,1,0,4
48,2,1,-1,4
49,1,1,1,4
50,2,0,-1,4
51,2,0,-1,4
52,2,0,-1,4
53,4,0,-1,4
54,1,1,1,4
55,4,0,-1,4
56,1,1,1,4
57,3,1,0,4
58,4,0,-1,4
59,4,1,-1,4
60,1,1,1,4
61,4,1,-1,4
62,3,1,0,4
63,3,1,0,4
64,1,1,1,4
65,4,0,0,4
66,1,1,0,4
67,4,0,0,4
68,3,1,0,4
69,3,1,1,4
70,1,1,1,4
71,1,1,0,4
72,1,1,1,4
73,1,1,1,4
74,4,0,0,4
75,4,1,-1,4
76,4,0,0,4
77,1,1,1,4
78,4,0,0,4
79,4,0,0,4
80,2,0,0,4
81,2,1,0,4
82,4,0,0,4
83,2,0,-1,4
84,2,0,-1,4
85,2,1,0,4
86,2,1,0,4
87,1,1,0,4
88,2,1,0,4
89,2,1,0,4
90,1,1,0,4
91,2,1,-1,4
92,3,1,0,4
93,4,0,0,4
94,4,0,0,4
95,3,1,0,4
96,3,0,1,4
97,2,1,0,4
98,4,0,0,4
99,2,0,-1,4
100,1,0,0,4
101,4,0,0,4
102,2,1,0,4
103,3,1,0,4
104,2,0,-1,4
105,2,1,0,4
106,1,1,1,4
107,4,0,0,4
108,4,0,0,4
109,3,0,0,4
110,2,1,0,4
111,1,1,1,4
112,1,1,0,4
113,4,0,0,4
114,4,0,0,4
115,4,0,0,4
116,1,1,1,4
117,1,1,1,4
118,3,1,1,4
119,1,1,0,4
120,3,1,1,4
121,3,1,0,4
122,4,0,0,4
123,2,1,0,4
124,1,1,1,4
125,4,0,0,4
126,4,0,0,4
127,1,1,1,4
128,3,1,0,4
129,3,1,0,4
130,1,1,1,4
131,4,0,0,4
132,3,1,0,4
133,4,1,-1,4
134,4,0,0,4
135,2,1,0,4
136,1,1,1,4
137,3,1,0,4
138,4,0,0,4
139,1,1,1,4
140,1,1,1,4
141,4,0,0,4
142,4,1,-1,4
143,4,1,-1,4
144,1,1,1,4
145,4,0,0,4
146,2,1,-1,4
147,4,0,0,4
148,1,1,1,4
149,4,1,0,4
150,1,1,1,4
151,3,1,1,4
152,4,0,0,4
153,1,1,1,4
154,4,0,0,4
155,4,0,0,4
156,3,1,0,4
157,3,1,0,4
158,1,1,1,4
159,3,1,0,4
160,2,1,0,4
161,4,0,0,4
162,4,0,0,4
163,1,1,1,4
164,3,1,0,4
165,4,0,-1,4
166,2,1,0,4
167,3,1,1,4
168,4,0,0,4
169,3,0,1,4
170,4,0,0,4
171,1,1,1,4
172,2,1,0,4
173,3,0,1,4
174,1,1,1,4
175,2,1,0,4
176,4,0,0,4
177,4,1,-1,4
178,4,0,0,4
179,4,1,-1,4
180,4,0,-1,4
181,4,0,0,4
182,3,1,0,4
183,4,0,0,4
184,2,1,0,4
185,2,1,0,4
186,3,1,0,4
187,3,0,1,4
188,4,0,-1,4
189,1,1,0,4
190,2,1,0,4
191,2,1,0,4
192,4,0,-1,4
193,1,1,1,4
194,1,1,0,4
195,1,1,1,4
196,4,1,-1,4
197,3,0,0,4
198,1,1,1,4
199,1,1,0,4
200,1,1,1,4
201,3,1,0,4
202,2,1,0,4
203,3,0,0,4
204,4,0,0,4
205,4,0,0,4
206,4,0,0,4
207,1,1,1,4
208,2,1,0,4
209,1,1,1,4
210,1,1,1,4
211,1,1,1,4
212,3,1,0,4
213,1,1,1,4
214,4,0,-1,4
215,1,1,1,4
216,3,0,1,4
217,1,1,1,4
218,2,1,0,4
219,1,1,1,4
220,4,0,0,4
221,4,0,0,4
222,4,1,-1,4
223,2,1,0,4
224,2,1,0,4
225,4,0,-1,4
226,3,1,1,4
227,3,1,0,4
228,3,1,0,4
229,4,0,0,4
230,2,1,-1,4
231,3,1,0,4
232,3,0,1,4
233,2,1,-1,4
234,2,0,-1,4
235,4,0,0,4
236,2,1,0,4
237,4,0,0,4
238,2,0,-1,4
239,3,0,1,4
240,2,1,0,4
241,2,0,0,4
242,2,1,0,4
243,2,1,-1,4
244,3,1,0,4
245,2,1,0,4
246,1,1,1,4
247,1,1,1,4
248,1,1,1,4
249,4,0,0,4
250,1,1,1,4
251,2,0,-1,4
252,2,1,0,4
253,2,1,0,4
254,1,1,0,4
255,4,0,0,4
256,4,0,0,4
257,3,0,0,4
258,2,1,0,4
259,4,0,0,4
260,4,0,0,4
261,1,1,1,4
262,4,0,0,4
263,3,0,0,4
264,3,0,1,4
265,1,1,1,4
266,1,1,1,4
267,1,1,1,4
268,1,1,0,4
269,2,1,0,4
270,2,1,-1,4
271,4,0,-1,4
272,1,1,1,4
273,2,1,0,4
274,3,0,1,4
275,1,1,0,4
276,3,0,0,4
277,4,0,0,4
278,1,1,1,4
279,2,1,0,4
280,2,1,0,4
281,3,1,0,4
282,2,1,0,4
283,1,1,0,4
284,1,1,1,4
285,2,0,-1,4
286,4,0,0,4
287,3,0,1,4
288,1,1,1,4
289,4,0,0,4
290,4,0,0,4
291,4,0,-1,4
292,2,1,0,4
293,3,0,1,4
294,2,1,0,4
295,4,1,-1,4
296,2,1,0,4
297,4,0,0,4
298,2,1,0,4
299,4,0,0,4
300,4,0,-1,4
301,2,0,0,4
302,2,1,0,4
303,1,1,1,4
304,4,0,0,4
305,4,0,-1,4
306,4,0,0,4
307,3,1,1,4
308,3,0,0,4
309,3,1,0,4
310,4,0,0,4
311,3,1,0,4
312,2,1,0,4
313,3,0,0,4
314,1,1,1,4
315,1,1,1,4
316,2,1,0,4
317,1,1,0,4
318,4,0,0,4
319,1,1,1,4
320,1,1,1,4
321,3,1,0,4
322,1,1,0,4
323,2,0,-1,4
324,2,1,0,4
325,2,1,0,4
326,4,0,0,4
327,3,0,1,4
328,4,0,0,4
329,3,0,1,4
330,3,0,0,4
331,2,0,0,4
332,2,0,-1,4
333,2,1,0,4
334,4,0,0,4
335,2,1,0,4
336,4,0,0,4
337,2,1,0,4
338,2,1,0,4
339,4,0,0,4
340,1,0,0,4
341,2,1,0,4
342,4,0,0,4
343,4,0,0,4
344,3,0,1,4
345,2,1,0,4
346,2,1,-1,4
347,1,0,0,4
348,4,0,0,4
349,4,0,0,4
350,4,0,0,4
351,1,1,1,4
352,1,1,1,4
353,1,1,0,4
354,4,0,0,4
355,1,0,0,4
356,3,0,0,4
357,3,1,0,4
358,1,1,1,4
359,3,0,1,4
360,1,1,0,4
361,1,1,1,4
362,1,1,1,4
363,3,0,1,4
364,4,0,0,4
365,1,1,1,4
366,2,1,-1,4
367,1,1,1,4
368,2,1,0,4
369,1,1,1,4
370,4,0,0,4
371,1,1,0,4
372,2,1,0,4
373,4,0,0,4
374,1,1,1,4
375,3,0,1,4
376,1,1,1,4
377,1,1,1,4
378,2,1,-1,4
379,3,1,0,4
380,2,1,0,4
381,2,1,0,4
382,2,0,0,4
383,4,0,0,4
384,1,1,1,4
385,3,1,0,4
386,3,1,0,4
387,4,0,0,4
388,3,0,1,4
389,3,0,1,4
390,1,1,0,4
391,2,1,0,4
392,3,0,1,4
393,1,1,1,4
394,4,0,-1,4
395,1,1,1,4
396,1,1,1,4
397,1,1,1,4
398,3,0,1,4
399,3,0,1,4
400,2,1,0,4
401,4,0,0,4
402,4,0,-1,4
403,3,0,1,4
404,3,0,1,4
405,4,1,-1,4
406,3,0,1,4
407,1,1,1,4
408,4,1,-1,4
409,2,1,-1,4
410,1,1,0,4
411,2,1,0,4
412,4,0,-1,4
413,1,1,1,4
414,4,0,0,4
415,1,1,1,4
416,1,1,1,4
417,3,0,1,4
418,1,1,1,4
419,1,1,0,4
420,2,1,0,4
421,4,1,-1,4
422,4,0,0,4
423,4,0,0,4
424,2,1,0,4
425,4,0,0,4
426,3,0,1,4
427,3,0,1,4
428,4,0,0,4
429,2,1,-1,4
430,3,0,1,4
431,2,1,0,4
432,3,0,1,4
433,3,1,1,4
434,2,0,-1,4
435,2,1,0,4
436,1,1,1,4
437,2,1,0,4
438,3,0,1,4
439,1,1,1,4
440,4,0,0,4
441,4,0,0,4
442,2,1,0,4
443,4,0,0,4
444,4,0,0,4
445,1,1,0,4
446,1,0,0,4
447,4,1,-1,4
448,1,1,1,4
449,3,1,0,4
450,4,0,0,4
451,3,0,0,4
452,1,1,1,4
453,2,1,0,4
454,1,1,1,4
455,2,1,0,4
456,4,0,0,4
457,4,0,0,4
458,4,0,0,4
459,4,0,0,4
460,4,0,0,4
461,4,0,-1,4
462,4,0,0,4
463,4,0,0,4
464,4,1,-1,4
465,2,1,-1,4
466,2,1,0,4
467,2,1,-1,4
468,1,1,1,4
469,3,1,1,4
470,3,0,1,4
471,2,0,-1,4
472,4,0,0,4
473,1,1,1,4
474,2,0,-1,4
475,1,1,1,4
476,1,1,1,4
477,1,1,1,4
478,1,1,1,4
479,1,1,1,4
480,2,1,0,4
481,3,0,1,4
482,2,0,-1,4
483,4,0,0,4
484,2,1,0,4
485,2,1,0,4
486,2,1,0,4
487,4,0,0,4
488,2,1,0,4
489,4,0,0,4
490,1,1,1,4
491,4,0,-1,4
492,3,0,0,4
493,3,0,0,4
494,1,1,1,4
495,2,1,0,4
496,2,1,0,4
497,4,0,-1,4
498,2,0,0,4
499,3,1,0,4
500,4,0,0,4
501,3,0,1,4
502,3,0,1,4
503,2,1,0,4
504,2,1,0,4
505,3,1,0,4
506,4,0,0,4
507,1,1,1,4
508,1,1,1,4
509,2,1,0,4
510,4,0,0,4
511,4,1,-1,4
512,4,0,0,4
513,2,1,0,4
514,4,1,-1,4
515,1,1,1,4
516,4,0,0,4
517,4,0,0,4
518,1,1,1,4
519,1,1,1,4
520,1,1,1,4
521,2,1,0,4
522,1,1,1,4
523,3,0,1,4
524,2,1,0,4
525,1,1,1,4
526,2,0,-1,4
527,4,0,0,4
528,4,1,-1,4
529,4,0,0,4
530,2,1,0,4
531,2,1,0,4
532,2,1,0,4
533,1,1,1,4
534,2,1,0,4
535,2,1,0,4
536,4,0,0,4
537,2,1,0,4
538,2,1,-1,4
539,2,1,-1,4
540,3,0,1,4
541,1,1,1,4
542,2,1,-1,4
543,3,0,1,4
544,3,0,1,4
545,2,0,-1,4
546,1,1,1,4
547,4,0,-1,4
548,4,1,-1,4
549,1,1,0,4
550,4,0,0,4
551,4,0,0,4
552,3,0,0,4
553,3,0,0,4
554,3,0,1,4
555,2,1,-1,4
556,2,0,0,4
557,1,1,0,4
558,2,1,0,4
559,1,1,1,4
560,4,1,-1,4
561,2,1,0,4
562,4,0,0,4
563,4,0,0,4
564,1,1,1,4
565,2,1,0,4
566,4,0,0,4
567,3,0,1,4
568,4,0,0,4
569,4,0,0,4
570,2,1,0,4
571,3,1,0,4
572,1,1,1,4
573,4,0,0,4
574,4,1,-1,4
575,1,1,1,4
576,3,0,0,4
577,1,1,1,4
578,4,0,0,4
579,4,0,0,4
580,2,1,0,4
581,2,1,0,4
582,1,1,0,4
583,4,0,0,4
584,4,0,0,4
585,2,1,-1,4
586,3,0,1,4
587,3,1,0,4
588,2,1,0,4
589,1,1,1,4
590,1,1,1,4
591,1,1,1,4
592,4,0,0,4
593,4,0,0,4
594,4,0,0,4
595,4,0,0,4
596,1,1,1,4
597,2,1,0,4
598,2,1,0,4
599,4,0,0,4
0,1,1,1,5
1,4,0,0,5
2,1,1,1,5
3,3,0,1,5
4,1,1,1,5
5,3,1,0,5
6,1,1,0,5
7,1,1,1,5
8,2,1,0,5
9,4,1,-1,5
10,1,1,0,5
11,3,1,0,5
12,4,1,-1,5
13,2,1,0,5
14,3,1,0,5
15,1,1,1,5
16,1,1,1,5
17,1,1,1,5
18,2,1,0,5
19,1,1,1,5
20,2,0,-1,5
21,1,1,1,5
22,4,0,0,5
23,2,1,0,5
24,1,1,1,5
25,4,1,0,5
26,4,0,0,5
27,1,1,1,5
28,2,1,0,5
29,1,1,1,5
30,3,0,1,5
31,2,1,0,5
32,4,0,0,5
33,2,1,-1,5
34,4,0,0,5
35,4,1,-1,5
36,4,0,0,5
37,3,1,0,5
38,4,1,-1,5
39,2,0,-1,5
40,3,0,1,5
41,4,0,0,5
42,4,0,0,5
43,4,1,-1,5
44,4,0,0,5
45,3,1,0,5
46,4,0,0,5
47,3,0,1,5
48,4,1,0,5
49,2,1,0,5
50,2,0,-1,5
51,3,1,0,5
52,4,1,-1,5
53,1,1,1,5
54,1,1,1,5
55,3,1,0,5
56,3,0,1,5
57,2,1,0,5
58,1,1,1,5
59,2,0,-1,5
60,4,1,0,5
61,3,1,0,5
62,2,1,0,5
63,2,1,0,5
64,3,1,1,5
65,4,0,0,5
66,1,1,1,5
67,1,1,1,5
68,2,1,0,5
69,2,1,0,5
70,4,0,0,5
71,2,1,0,5
72,4,0,0,5
73,1,1,0,5
74,4,0,0,5
75,4,0,0,5
76,4,1,-1,5
77,1,1,1,5
78,4,1,0,5
79,2,1,-1,5
80,1,1,1,5
81,3,0,1,5
82,1,1,1,5
83,1,1,1,5
84,3,1,0,5
85,2,1,0,5
86,4,0,0,5
87,3,0,1,5
88,2,1,0,5
89,2,1,0,5
90,3,0,1,5
91,2,1,0,5
92,2,1,0,5
93,3,0,1,5
94,4,0,0,5
95,4,0,0,5
96,1,1,1,5
97,4,0,0,5
98,4,0,0,5
99,2,1,-1,5
100,4,0,0,5
101,4,0,0,5
102,1,1,1,5
103,2,0,-1,5
104,1,1,0,5
105,4,0,0,5
106,3,1,0,5
107,1,1,1,5
108,2,0,-1,5
109,2,1,0,5
110,2,1,0,5
111,3,0,1,5
112,3,0,1,5
113,3,0,1,5
114,3,0,1,5
115,1,1,1,5
116,1,1,1,5
117,3,0,1,5
118,1,1,1,5
119,1,1,1,5
120,4,0,0,5
121,3,0,1,5
122,4,0,0,5
123,3,0,1,5
124,1,1,1,5
125,2,0,0,5
126,4,1,-1,5
127,1,1,1,5
128,1,1,1,5
129,4,1,-1,5
130,3,1,0,5
131,1,1,1,5
132,1,1,1,5
133,1,1,0,5
134,1,1,1,5
135,3,0,0,5
136,3,0,0,5
137,1,0,0,5
138,2,0,-1,5
139,3,0,1,5
140,3,0,1,5
141,2,1,0,5
142,3,0,1,5
143,2,1,0,5
144,4,0,-1,5
145,2,1,0,5
146,1,1,1,5
147,2,1,0,5
148,4,0,0,5
149,2,0,-1,5
150,3,0,1,5
151,2,1,-1,5
152,4,0,0,5
153,2,1,-1,5
154,2,0,-1,5
155,3,0,1,5
156,3,0,1,5
157,3,0,0,5
158,2,1,0,5
159,2,1,-1,5
160,3,1,0,5
161,2,1,-1,5
162,2,1,-1,5
163,4,0,0,5
164,4,1,-1,5
165,3,0,1,5
166,1,1,1,5
167,2,0,-1,5
168,1,1,0,5
169,1,1,1,5
170,4,0,0,5
171,1,1,1,5
172,2,0,-1,5
173,4,0,0,5
174,1,1,1,5
175,2,1,0,5
176,2,0,-1,5
177,3,0,1,5
178,4,0,0,5
179,4,0,-1,5
180,4,0,-1,5
181,1,1,1,5
182,4,0,-1,5
183,4,1,-1,5
184,4,0,-1,5
185,2,0,-1,5
186,2,1,0,5
187,4,0,0,5
188,3,1,0,5
189,3,0,1,5
190,1,1,1,5
191,4,0,0,5
192,2,1,0,5
193,1,1,1,5
194,1,1,1,5
195,3,0,1,5
196,1,1,1,5
197,2,1,0,5
198,2,1,0,5
199,2,0,0,5
200,3,0,0,5
201,3,0,0,5
202,3,0,1,5
203,4,0,0,5
204,2,1,0,5
205,4,0,0,5
206,2,0,-1,5
207,4,0,0,5
208,3,0,1,5
209,2,1,0,5
210,3,1,0,5
211,2,1,0,5
212,2,1,0,5
213,4,0,0,5
214,4,0,0,5
215,4,0,0,5
216,2,1,0,5
217,4,0,0,5
218,2,1,0,5
219,4,1,-1,5
220,4,0,0,5
221,3,0,1,5
222,2,1,0,5
223,3,0,1,5
224,1,1,1,5
225,1,1,1,5
226,3,1,1,5
227,2,1,-1,5
228,2,0,-1,5
229,1,1,1,5
230,2,1,0,5
231,1,1,1,5
232,2,0,0,5
233,4,0,0,5
234,4,0,0,5
235,2,1,0,5
236,4,0,0,5
237,4,1,-1,5
238,3,0,1,5
239,3,0,1,5
240,1,1,1,5
241,1,1,1,5
242,1,1,0,5
243,1,1,1,5
244,3,1,0,5
245,2,1,0,5
246,1,1,1,5
247,3,0,1,5
248,3,0,1,5
249,3,0,1,5
250,1,1,1,5
251,1,1,1,5
252,1,1,1,5
253,4,1,0,5
254,1,1,0,5
255,3,1,0,5
256,4,0,0,5
257,3,1,1,5
258,1,1,1,5
259,4,0,0,5
260,2,1,0,5
261,1,1,1,5
262,1,1,1,5
263,3,0,1,5
264,1,1,1,5
265,3,1,0,5
266,3,0,1,5
267,3,0,1,5
268,3,0,1,5
269,4,0,-1,5
270,2,1,-1,5
271,2,0,-1,5
272,1,1,1,5
273,4,0,0,5
274,3,0,1,5
275,1,1,1,5
276,4,0,0,5
277,4,0,0,5
278,1,1,1,5
279,4,0,0,5
280,4,0,-1,5
281,2,1,0,5
282,4,1,0,5
283,4,0,0,5
284,1,1,0,5
285,3,0,1,5
286,3,1,0,5
287,2,1,-1,5
288,4,0,0,5
289,2,1,-1,5
290,3,0,1,5
291,1,1,1,5
292,3,0,1,5
293,2,0,0,5
294,4,1,-1,5
295,4,0,0,5
296,2,1,0,5
297,1,1,1,5
298,3,0,1,5
299,2,1,0,5
300,1,1,0,5
301,1,1,1,5
302,2,1,0,5
303,4,1,-1,5
304,1,1,1,5
305,2,0,-1,5
306,1,1,1,5
307,3,0,0,5
308,4,0,0,5
309,1,1,1,5
310,4,0,-1,5
311,3,1,0,5
312,1,1,1,5
313,4,0,0,5
314,2,0,-1,5
315,2,1,0,5
316,1,1,1,5
317,1,1,1,5
318,1,1,1,5
319,4,0,0,5
320,4,0,0,5
321,2,1,0,5
322,1,1,1,5
323,4,0,-1,5
324,1,1,1,5
325,3,0,1,5
326,2,1,-1,5
327,1,1,0,5
328,3,0,0,5
329,4,1,-1,5
330,4,1,-1,5
331,4,0,0,5
332,1,1,1,5
333,4,0,0,5
334,3,0,1,5
335,2,1,-1,5
336,1,1,0,5
337,3,0,0,5
338,1,1,1,5
339,2,1,-1,5
340,2,0,-1,5
341,3,0,1,5
342,1,1,0,5
343,4,1,-1,5
344,1,0,0,5
345,1,1,1,5
346,3,1,0,5
347,2,1,0,5
348,4,0,0,5
349,2,0,-1,5
350,2,1,-1,5
351,3,1,0,5
352,2,1,-1,5
353,2,1,0,5
354,2,1,0,5
355,3,0,0,5
356,4,0,0,5
357,4,0,0,5
358,3,0,1,5
359,4,0,-1,5
360,4,0,0,5
361,1,1,1,5
362,3,1,0,5
363,2,1,0,5
364,3,1,0,5
365,1,1,1,5
366,2,1,0,5
367,1,1,1,5
368,4,0,0,5
369,2,1,0,5
370,3,1,0,5
371,4,0,0,5
372,1,1,1,5
373,4,1,0,5
374,4,0,0,5
375,3,0,1,5
376,1,1,1,5
377,4,1,-1,5
378,4,0,0,5
379,4,0,0,5
380,4,1,-1,5
381,3,0,1,5
382,4,0,0,5
383,3,0,1,5
384,1,1,1,5
385,4,1,0,5
386,2,1,-1,5
387,4,1,0,5
388,1,1,0,5
389,4,0,-1,5
390,2,1,0,5
391,3,0,1,5
392,2,1,-1,5
393,4,1,-1,5
394,1,1,0,5
395,3,0,1,5
396,2,0,-1,5
397,1,1,1,5
398,2,1,0,5
399,2,1,0,5
400,1,1,1,5
401,3,0,1,5
402,4,0,0,5
403,2,1,0,5
404,1,1,1,5
405,4,0,0,5
406,1,1,1,5
407,1,1,1,5
408,1,1,1,5
409,4,0,-1,5
410,3,0,0,5
411,1,1,0,5
412,4,0,0,5
413,1,1,1,5
414,2,1,-1,5
415,2,1,0,5
416,1,1,1,5
417,1,1,1,5
418,4,1,-1,5
419,2,0,-1,5
420,2,1,0,5
421,4,1,-1,5
422,3,0,1,5
423,2,1,0,5
424,2,0,-1,5
425,1,1,1,5
426,1,1,1,5
427,2,1,0,5
428,4,0,0,5
429,4,0,-1,5
430,1,1,1,5
431,4,1,-1,5
432,1,1,1,5
433,3,0,1,5
434,3,0,1,5
435,3,1,0,5
436,1,1,1,5
437,4,0,-1,5
438,1,1,1,5
439,3,1,0,5
440,2,0,-1,5
441,3,0,1,5
442,2,1,0,5
443,3,0,0,5
444,4,0,-1,5
445,2,1,0,5
446,1,1,1,5
447,4,0,0,5
448,1,1,1,5
449,3,1,0,5
450,4,0,0,5
451,4,1,-1,5
452,4,0,0,5
453,1,1,1,5
454,3,0,0,5
455,1,1,1,5
456,3,1,0,5
457,3,0,1,5
458,3,0,1,5
459,1,1,1,5
460,4,1,-1,5
461,1,1,1,5
462,3,0,1,5
463,1,1,0,5
464,1,1,1,5
465,1,1,1,5
466,3,0,1,5
467,4,1,-1,5
468,4,1,-1,5
469,2,1,0,5
470,3,0,1,5
471,4,0,0,5
472,2,1,-1,5
473,2,1,-1,5
474,1,1,1,5
475,4,0,0,5
476,2,1,0,5
477,1,1,1,5
478,3,1,0,5
479,1,1,1,5
480,2,1,0,5
481,1,1,1,5
482,3,0,1,5
483,3,0,1,5
484,1,1,0,5
485,2,1,-1,5
486,3,1,0,5
487,1,1,0,5
488,3,0,1,5
489,2,1,0,5
490,4,0,0,5
491,4,0,0,5
492,1,1,0,5
493,2,1,-1,5
494,1,1,1,5
495,1,1,1,5
496,2,1,0,5
497,4,0,-1,5
498,3,0,1,5
499,1,1,1,5
500,2,1,-1,5
501,4,1,0,5
502,4,0,0,5
503,4,0,0,5
504,3,0,1,5
505,2,1,0,5
506,2,1,0,5
507,2,1,0,5
508,2,1,0,5
509,2,1,0,5
510,1,1,1,5
511,3,0,0,5
512,2,1,0,5
513,2,1,0,5
514,1,1,1,5
515,1,1,1,5
516,2,1,0,5
517,2,1,0,5
518,4,1,-1,5
519,1,1,1,5
520,2,1,0,5
521,4,0,0,5
522,4,0,0,5
523,4,0,0,5
524,2,1,0,5
525,2,1,0,5
526,1,1,1,5
527,4,0,0,5
528,3,1,0,5
529,1,1,1,5
530,4,0,0,5
531,1,1,1,5
532,1,1,1,5
533,4,0,0,5
534,3,0,1,5
535,1,1,1,5
536,4,0,-1,5
537,2,1,0,5
538,4,0,-1,5
539,1,1,1,5
540,1,1,0,5
541,2,1,0,5
542,2,1,0,5
543,2,1,-1,5
544,4,0,0,5
545,1,1,0,5
546,4,0,0,5
547,2,0,0,5
548,1,1,1,5
549,2,0,-1,5
550,3,1,0,5
551,2,1,0,5
552,3,0,0,5
553,3,0,1,5
554,4,1,-1,5
555,1,1,1,5
556,1,1,1,5
557,1,1,1,5
558,3,0,1,5
559,3,0,0,5
560,2,0,0,5
561,1,1,1,5
562,1,1,1,5
563,2,1,0,5
564,4,0,0,5
565,3,0,0,5
566,2,1,-1,5
567,3,0,1,5
568,4,1,-1,5
569,3,1,0,5
570,1,1,1,5
571,1,1,1,5
572,1,1,1,5
573,1,1,1,5
574,3,1,0,5
575,2,0,-1,5
576,1,1,1,5
577,2,0,-1,5
578,1,1,0,5
579,1,1,1,5
580,1,1,1,5
581,3,0,1,5
582,3,0,1,5
583,4,0,0,5
584,1,1,1,5
585,2,1,0,5
586,4,0,-1,5
587,2,1,0,5
588,3,1,0,5
589,3,0,1,5
590,2,1,0,5
591,1,1,1,5
592,1,1,1,5
593,3,1,0,5
594,3,0,1,5
595,4,0,0,5
596,1,1,1,5
597,1,1,1,5
598,1,1,1,5
599,2,1,0,5
0,2,0,-1,6
1,4,1,-1,6
2,3,0,1,6
3,3,0,1,6
4,2,1,0,6
5,1,1,1,6
6,2,0,0,6
7,3,1,0,6
8,2,1,-1,6
9,3,1,1,6
10,4,1,0,6
11,4,1,-1,6
12,1,1,1,6
13,4,1,-1,6
14,4,0,0,6
15,1,1,1,6
16,3,0,1,6
17,3,1,0,6
18,1,1,1,6
19,2,0,-1,6
20,1,1,0,6
21,3,1,0,6
22,3,1,0,6
23,3,0,1,6
24,4,0,0,6
25,3,0,0,6
26,4,0,0,6
27,4,0,0,6
28,2,1,-1,6
29,3,1,0,6
30,3,1,0,6
31,2,1,0,6
32,4,0,0,6
33,1,1,1,6
34,1,1,1,6
35,1,1,0,6
36,3,0,1,6
37,4,0,-1,6
38,3,0,1,6
39,1,0,0,6
40,2,0,-1,6
41,4,0,0,6
42,3,1,1,6
43,4,0,0,6
44,1,1,1,6
45,2,1,0,6
46,4,0,0,6
47,4,0,0,6
48,1,1,1,6
49,2,1,0,6
50,2,0,-1,6
51,2,0,0,6
52,4,1,-1,6
53,1,1,1,6
54,4,0,0,6
55,2,1,-1,6
56,4,0,0,6
57,2,1,-1,6
58,3,0,1,6
59,4,1,-1,6
60,1,1,1,6
61,3,0,1,6
62,4,0,0,6
63,1,1,1,6
64,1,1,1,6
65,1,1,1,6
66,1,1,0,6
67,1,1,0,6
68,4,0,0,6
69,3,1,0,6
70,4,0,0,6
71,2,1,0,6
72,1,1,1,6
73,3,1,1,6
74,3,1,0,6
75,3,0,0,6
76,2,1,0,6
77,1,1,1,6
78,4,1,-1,6
79,2,1,0,6
80,3,1,1,6
81,1,1,1,6
82,1,1,1,6
83,2,0,0,6
84,1,1,1,6
85,2,1,0,6
86,1,1,0,6
87,4,0,0,6
88,2,1,0,6
89,4,1,-1,6
90,2,0,-1,6
91,2,1,0,6
92,3,0,1,6
93,4,1,-1,6
94,3,1,0,6
95,1,1,0,6
96,2,0,-1,6
97,1,1,1,6
98,1,1,1,6
99,3,0,1,6
100,2,1,0,6
101,4,0,0,6
102,3,1,0,6
103,4,0,0,6
104,2,1,0,6
105,4,1,0,6
106,4,0,0,6
107,4,0,0,6
108,2,0,-1,6
109,2,1,0,6
110,2,1,0,6
111,1,1,1,6
112,3,1,0,6
113,2,1,0,6
114,4,0,-1,6
115,1,1,1,6
116,3,1,0,6
117,3,1,0,6
118,1,1,1,6
119,1,1,1,6
120,2,0,0,6
121,2,1,-1,6
122,4,0,-1,6
123,2,1,0,6
124,2,1,0,6
125,4,0,0,6
126,3,1,1,6
127,3,1,1,6
128,2,1,0,6
129,3,0,1,6
130,4,0,-1,6
131,2,1,-1,6
132,1,1,1,6
133,4,0,0,6
134,2,1,0,6
135,2,0,-1,6
136,4,1,-1,6
137,1,1,1,6
138,4,0,0,6
139,3,0,1,6
140,3,0,1,6
141,2,1,-1,6
142,2,1,0,6
143,4,0,0,6
144,2,1,0,6
145,2,1,0,6
146,2,1,0,6
147,4,0,-1,6
148,2,1,0,6
149,3,1,0,6
150,3,0,0,6
151,1,1,1,6
152,1,1,1,6
153,4,0,0,6
154,3,0,1,6
155,2,1,0,6
156,3,1,1,6
157,4,0,0,6
158,4,0,0,6
159,3,0,1,6
160,4,0,-1,6
161,1,1,0,6
162,4,0,-1,6
163,3,0,1,6
164,2,1,-1,6
165,2,1,0,6
166,1,1,1,6
167,2,1,0,6
168,2,1,0,6
169,1,1,1,6
170,2,1,0,6
171,3,0,1,6
172,2,0,-1,6
173,1,1,1,6
174,1,1,1,6
175,4,0,0,6
176,1,1,0,6
177,3,0,1,6
178,4,0,0,6
179,4,0,0,6
180,1,1,1,6
181,2,1,-1,6
182,3,0,1,6
183,2,0,-1,6
184,1,1,1,6
185,4,0,0,6
186,4,1,-1,6
187,2,0,-1,6
188,1,1,1,6
189,4,0,-1,6
190,4,0,0,6
191,4,0,0,6
192,3,1,0,6
193,2,1,0,6
194,1,1,1,6
195,1,1,1,6
196,3,1,0,6
197,4,0,0,6
198,3,0,0,6
199,4,1,-1,6
200,1,1,1,6
201,4,0,0,6
202,2,1,0,6
203,4,1,0,6
204,3,1,0,6
205,1,1,1,6
206,3,0,1,6
207,3,0,0,6
208,1,1,1,6
209,4,1,-1,6
210,2,1,-1,6
211,4,0,0,6
212,4,0,0,6
213,1,1,1,6
214,4,0,0,6
215,4,0,-1,6
216,3,0,0,6
217,4,0,0,6
218,4,1,-1,6
219,3,1,0,6
220,3,1,0,6
221,4,0,0,6
222,1,1,1,6
223,4,0,0,6
224,1,1,1,6
225,3,1,0,6
226,2,0,0,6
227,1,1,1,6
228,3,1,0,6
229,1,1,1,6
230,1,1,0,6
231,3,1,0,6
232,3,1,0,6
233,1,1,1,6
234,3,1,0,6
235,4,1,0,6
236,4,0,0,6
237,2,1,0,6
238,1,1,1,6
239,2,1,0,6
240,2,1,0,6
241,3,1,0,6
242,3,1,1,6
243,1,1,1,6
244,3,0,1,6
245,1,1,1,6
246,1,1,1,6
247,2,1,0,6
248,4,0,-1,6
249,4,0,0,6
250,4,1,-1,6
251,1,1,1,6
252,2,0,-1,6
253,1,1,1,6
254,2,1,0,6
255,3,0,1,6
256,3,1,0,6
257,2,1,-1,6
258,4,0,0,6
259,3,0,1,6
260,2,0,-1,6
261,2,1,0,6
262,4,0,0,6
263,3,0,1,6
264,4,0,0,6
265,4,0,0,6
266,1,1,0,6
267,3,1,1,6
268,1,1,0,6
269,2,1,0,6
270,4,0,0,6
271,1,1,1,6
272,1,1,1,6
273,3,1,0,6
274,1,1,1,6
275,3,1,0,6
276,1,1,1,6
277,2,1,-1,6
278,3,1,0,6
279,4,0,-1,6
280,3,1,0,6
281,2,1,0,6
282,3,0,1,6
283,1,1,1,6
284,1,1,1,6
285,1,1,1,6
286,3,0,1,6
287,2,0,-1,6
288,4,0,0,6
289,3,0,1,6
290,4,1,-1,6
291,2,1,-1,6
292,2,0,-1,6
293,2,1,0,6
294,3,1,0,6
295,2,1,0,6
296,4,0,0,6
297,4,1,-1,6
298,1,1,1,6
299,4,0,0,6
300,1,1,1,6
301,2,1,0,6
302,4,0,0,6
303,3,0,1,6
304,1,1,1,6
305,1,1,1,6
306,4,1,-1,6
307,4,0,0,6
308,4,0,0,6
309,3,0,1,6
310,4,0,0,6
311,3,0,1,6
312,3,0,0,6
313,1,1,0,6
314,2,0,-1,6
315,1,1,1,6
316,4,0,0,6
317,3,0,1,6
318,1,1,1,6
319,1,1,1,6
320,4,1,0,6
321,1,1,1,6
322,2,1,-1,6
323,4,0,0,6
324,1,1,1,6
325,3,0,1,6
326,1,1,1,6
327,4,0,0,6
328,3,0,1,6
329,3,0,0,6
330,2,1,-1,6
331,4,0,0,6
332,1,1,0,6
333,1,1,1,6
334,2,1,0,6
335,3,0,1,6
336,1,1,0,6
337,2,1,0,6
338,1,1,1,6
339,2,1,0,6
340,3,1,0,6
341,4,0,-1,6
342,1,1,0,6
343,4,0,-1,6
344,3,1,0,6
345,2,1,0,6
346,4,1,0,6
347,3,0,0,6
348,1,1,0,6
349,1,1,1,6
350,4,1,0,6
351,4,0,-1,6
352,3,1,0,6
353,1,1,1,6
354,1,1,0,6
355,2,1,-1,6
356,3,0,1,6
357,2,0,-1,6
358,1,0,0,6
359,3,0,1,6
360,4,0,0,6
361,4,1,-1,6
362,1,1,0,6
363,2,1,0,6
364,2,1,-1,6
365,4,0,0,6
366,4,1,-1,6
367,1,1,1,6
368,1,1,1,6
369,3,0,0,6
370,2,1,0,6
371,4,0,-1,6
372,4,0,0,6
373,1,1,0,6
374,2,1,0,6
375,3,1,1,6
376,4,0,0,6
377,1,1,1,6
378,2,1,0,6
379,1,1,1,6
380,1,1,1,6
381,1,1,1,6
382,3,0,1,6
383,4,0,0,6
384,2,1,0,6
385,2,0,0,6
386,4,1,0,6
387,2,1,0,6
388,2,1,0,6
389,1,1,1,6
390,1,1,1,6
391,3,0,1,6
392,3,0,1,6
393,4,0,0,6
394,4,1,-1,6
395,3,1,0,6
396,2,1,0,6
397,4,0,0,6
398,3,0,1,6
399,2,1,0,6
400,3,1,0,6
401,4,0,0,6
402,3,0,1,6
403,1,1,1,6
404,4,0,0,6
405,1,1,1,6
406,4,0,0,6
407,1,1,1,6
408,2,1,-1,6
409,3,0,1,6
410,4,0,0,6
411,3,0,1,6
412,1,1,1,6
413,1,1,1,6
414,3,0,1,6
415,4,0,0,6
416,4,0,0,6
417,2,1,-1,6
418,4,1,-1,6
419,3,1,0,6
420,2,0,-1,6
421,2,1,0,6
422,1,1,1,6
423,1,1,1,6
424,3,0,1,6
425,1,1,1,6
426,1,1,0,6
427,2,0,-1,6
428,2,1,0,6
429,4,0,0,6
430,4,0,0,6
431,4,0,0,6
432,4,0,-1,6
433,4,0,0,6
434,4,1,-1,6
435,2,1,0,6
436,2,0,-1,6
437,2,1,0,6
438,3,0,1,6
439,4,0,0,6
440,4,0,0,6
441,2,1,-1,6
442,4,0,0,6
443,2,1,0,6
444,1,1,1,6
445,1,1,1,6
446,3,0,1,6
447,2,1,0,6
448,4,0,0,6
449,1,1,1,6
450,1,1,0,6
451,2,1,-1,6
452,2,0,0,6
453,4,0,0,6
454,3,0,1,6
455,1,1,1,6
456,1,1,0,6
457,1,1,1,6
458,2,0,-1,6
459,4,0,0,6
460,1,1,1,6
461,2,0,-1,6
462,4,1,-1,6
463,3,0,1,6
464,3,0,1,6
465,2,0,-1,6
466,3,0,1,6
467,4,0,0,6
468,4,1,0,6
469,3,0,1,6
470,1,1,1,6
471,4,0,0,6
472,2,1,-1,6
473,1,0,0,6
474,3,0,1,6
475,4,0,-1,6
476,2,1,0,6
477,1,1,1,6
478,2,1,0,6
479,4,0,0,6
480,2,0,-1,6
481,4,0,0,6
482,4,0,0,6
483,4,0,0,6
484,2,1,0,6
485,3,0,0,6
486,2,1,0,6
487,2,1,0,6
488,4,1,0,6
489,1,1,1,6
490,3,1,0,6
491,2,1,-1,6
492,4,0,0,6
493,3,0,1,6
494,4,1,-1,6
495,3,0,1,6
496,1,1,1,6
497,1,1,1,6
498,3,0,1,6
499,2,0,0,6
500,1,1,0,6
501,4,0,0,6
502,2,1,0,6
503,1,1,1,6
504,3,0,0,6
505,2,1,0,6
506,3,0,0,6
507,2,1,0,6
508,4,0,0,6
509,1,1,1,6
510,1,1,1,6
511,3,0,1,6
512,3,0,1,6
513,4,0,0,6
514,3,0,1,6
515,3,1,0,6
516,3,0,1,6
517,3,1,1,6
518,3,1,0,6
519,4,0,0,6
520,1,1,1,6
521,3,1,0,6
522,1,1,1,6
523,3,0,1,6
524,2,1,0,6
525,4,0,0,6
526,4,0,0,6
527,1,1,1,6
528,4,0,0,6
529,1,1,1,6
530,4,0,0,6
531,2,1,0,6
532,2,1,0,6
533,2,1,0,6
534,2,1,-1,6
535,1,1,1,6
536,2,0,-1,6
537,1,1,1,6
538,3,1,0,6
539,4,1,-1,6
540,1,1,1,6
541,4,0,0,6
542,4,0,0,6
543,4,0,0,6
544,3,0,1,6
545,2,1,0,6
546,2,1,-1,6
547,3,1,0,6
548,4,0,0,6
549,4,0,0,6
550,4,0,0,6
551,2,1,0,6
552,4,0,0,6
553,4,0,0,6
554,3,0,1,6
555,4,0,0,6
556,2,1,-1,6
557,3,0,1,6
558,3,0,0,6
559,3,0,1,6
560,2,0,-1,6
561,2,0,-1,6
562,4,0,0,6
563,2,1,0,6
564,2,0,0,6
565,2,1,-1,6
566,1,1,1,6
567,4,0,0,6
568,3,0,1,6
569,3,0,1,6
570,4,0,0,6
571,1,1,1,6
572,4,1,-1,6
573,1,1,0,6
574,2,0,-1,6
575,2,1,0,6
576,3,0,1,6
577,1,1,1,6
578,4,0,0,6
579,3,0,1,6
580,4,0,0,6
581,4,0,-1,6
582,4,0,0,6
583,2,1,0,6
584,3,0,1,6
585,2,1,-1,6
586,4,1,-1,6
587,2,0,-1,6
588,4,0,0,6
589,4,0,-1,6
590,2,1,0,6
591,2,1,0,6
592,2,1,0,6
593,2,0,-1,6
594,3,0,1,6
595,2,1,0,6
596,2,1,0,6
597,4,0,0,6
598,1,1,1,6
599,1,1,1,6
0,1,0,0,7
1,1,1,1,7
2,1,1,1,7
3,1,1,1,7
4,2,1,0,7
5,2,0,0,7
6,1,1,1,7
7,3,1,0,7
8,2,1,0,7
9,4,1,-1,7
10,2,0,0,7
11,4,0,0,7
12,4,0,-1,7
13,4,0,-1,7
14,1,1,1,7
15,1,1,1,7
16,4,0,0,7
17,1,1,1,7
18,2,0,0,7
19,1,1,1,7
20,2,1,0,7
21,2,1,0,7
22,1,1,1,7
23,2,1,0,7
24,3,1,0,7
25,2,1,0,7
26,3,1,0,7
27,4,1,-1,7
28,3,0,1,7
29,3,1,0,7
30,3,0,0,7
31,3,1,0,7
32,2,0,-1,7
33,2,1,0,7
34,1,1,0,7
35,4,1,-1,7
36,2,0,0,7
37,4,0,0,7
38,4,1,-1,7
39,3,1,0,7
40,2,1,-1,7
41,1,1,1,7
42,4,0,0,7
43,4,0,-1,7
44,4,0,0,7
45,2,1,-1,7
46,2,0,-1,7
47,4,1,0,7
48,3,1,0,7
49,2,0,-1,7
50,4,0,0,7
51,3,1,0,7
52,3,1,0,7
53,2,0,-1,7
54,3,1,0,7
55,1,1,1,7
56,2,1,0,7
57,1,1,1,7
58,1,1,1,7
59,2,1,0,7
60,3,0,1,7
61,3,1,0,7
62,2,1,0,7
63,1,1,1,7
64,2,1,0,7
65,3,1,1,7
66,2,1,0,7
67,1,1,1,7
68,4,0,0,7
69,1,1,1,7
70,4,0,0,7
71,3,0,0,7
72,4,0,-1,7
73,4,1,-1,7
74,3,0,1,7
75,3,0,0,7
76,3,1,0,7
77,3,0,1,7
78,1,1,1,7
79,1,1,1,7
80,4,1,0,7
81,2,1,0,7
82,1,1,1,7
83,4,0,0,7
84,2,1,-1,7
85,1,1,1,7
86,2,1,0,7
87,4,0,0,7
88,1,1,1,7
89,3,1,0,7
90,1,1,1,7
91,4,0,0,7
92,4,1,-1,7
93,4,0,0,7
94,1,1,1,7
95,2,0,-1,7
96,3,1,0,7
97,2,0,-1,7
98,2,1,-1,7
99,3,1,0,7
100,4,1,-1,7
101,2,1,0,7
102,3,0,1,7
103,2,1,0,7
104,1,1,0,7
105,1,1,1,7
106,3,1,0,7
107,2,1,0,7
108,3,0,1,7
109,1,1,1,7
110,2,1,0,7
111,3,1,0,7
112,2,1,0,7
113,1,1,0,7
114,2,1,0,7
115,2,1,0,7
116,2,0,0,7
117,2,1,0,7
118,1,1,0,7
119,1,1,1,7
120,4,0,0,7
121,2,1,0,7
122,4,1,-1,7
123,3,0,1,7
124,2,1,0,7
125,4,0,0,7
126,1,1,1,7
127,4,1,-1,7
128,2,1,0,7
129,1,1,1,7
130,4,0,0,7
131,2,1,0,7
132,2,0,-1,7
133,2,1,0,7
134,1,1,1,7
135,1,1,0,7
136,4,0,-1,7
137,1,0,0,7
138,4,0,0,7
139,4,0,-1,7
140,2,1,0,7
141,1,1,0,7
142,3,1,1,7
143,1,0,1,7
144,2,1,-1,7
145,1,1,1,7
146,2,1,0,7
147,4,1,-1,7
148,1,1,1,7
149,2,1,0,7
150,2,1,0,7
151,1,0,0,7
152,2,1,-1,7
153,4,1,0,7
154,4,1,-1,7
155,2,1,-1,7
156,1,1,1,7
157,1,1,1,7
158,3,1,0,7
159,2,1,0,7
160,4,0,0,7
161,2,1,0,7
162,2,1,-1,7
163,1,1,1,7
164,1,1,1,7
165,1,1,1,7
166,2,0,-1,7
167,4,1,-1,7
168,2,0,-1,7
169,2,1,0,7
170,3,1,0,7
171,1,1,1,7
172,4,0,-1,7
173,1,1,0,7
174,3,0,1,7
175,1,1,0,7
176,2,1,0,7
177,3,1,1,7
178,1,1,1,7
179,2,1,-1,7
180,1,0,0,7
181,1,1,1,7
182,1,1,0,7
183,3,1,0,7
184,4,0,0,7
185,4,0,0,7
186,1,1,1,7
187,3,0,1,7
188,3,0,1,7
189,2,1,0,7
190,1,1,1,7
191,3,0,1,7
192,1,1,1,7
193,3,0,1,7
194,1,1,1,7
195,1,1,1,7
196,4,0,0,7
197,4,0,0,7
198,3,1,0,7
199,3,0,1,7
200,1,1,1,7
201,2,1,0,7
202,4,0,0,7
203,4,1,-1,7
204,1,1,0,7
205,3,1,0,7
206,1,1,1,7
207,3,0,0,7
208,4,0,0,7
209,3,0,1,7
210,4,0,0,7
211,2,1,0,7
212,3,0,1,7
213,2,1,0,7
214,3,0,1,7
215,1,1,1,7
216,1,1,1,7
217,1,1,0,7
218,2,1,0,7
219,1,1,1,7
220,1,1,1,7
221,3,0,1,7
222,4,0,0,7
223,3,0,1,7
224,1,1,1,7
225,4,0,0,7
226,4,0,0,7
227,1,1,1,7
228,3,0,0,7
229,4,0,0,7
230,2,1,0,7
231,2,1,0,7
232,3,1,0,7
233,3,0,1,7
234,2,1,0,7
235,3,0,1,7
236,1,1,1,7
237,3,1,0,7
238,2,1,0,7
239,4,0,0,7
240,1,1,1,7
241,1,1,1,7
242,4,0,-1,7
243,3,0,1,7
244,4,0,0,7
245,2,1,0,7
246,3,0,1,7
247,4,0,-1,7
248,1,1,1,7
249,1,1,1,7
250,2,1,0,7
251,2,0,-1,7
252,2,1,-1,7
253,2,1,0,7
254,1,1,1,7
255,2,1,-1,7
256,4,0,0,7
257,1,1,1,7
258,4,0,0,7
259,2,1,0,7
260,2,1,0,7
261,2,1,0,7
262,1,1,1,7
263,4,0,0,7
264,2,1,0,7
265,3,0,1,7
266,3,0,1,7
267,2,1,0,7
268,4,1,-1,7
269,3,0,0,7
270,3,1,0,7
271,1,1,1,7
272,3,1,0,7
273,4,0,0,7
274,3,0,1,7
275,1,1,0,7
276,1,1,1,7
277,4,0,0,7
278,3,0,1,7
279,1,1,1,7
280,2,1,0,7
281,2,1,0,7
282,1,1,1,7
283,1,1,1,7
284,2,1,0,7
285,4,0,0,7
286,2,1,0,7
287,4,0,0,7
288,2,0,0,7
289,2,1,0,7
290,2,1,0,7
291,3,0,1,7
292,4,0,0,7
293,3,0,1,7
294,2,0,-1,7
295,4,0,0,7
296,2,1,-1,7
297,4,0,-1,7
298,1,1,1,7
299,2,0,-1,7
300,3,0,1,7
301,1,1,1,7
302,1,1,0,7
303,1,1,1,7
304,4,0,0,7
305,2,0,-1,7
306,2,1,0,7
307,2,1,0,7
308,3,0,1,7
309,2,1,0,7
310,4,0,0,7
311,3,0,0,7
312,4,0,0,7
313,3,1,0,7
314,4,0,0,7
315,4,0,-1,7
316,2,1,0,7
317,2,0,0,7
318,3,1,1,7
319,1,1,0,7
320,4,0,0,7
321,1,0,0,7
322,2,1,-1,7
323,1,1,1,7
324,1,1,1,7
325,1,1,0,7
326,2,1,-1,7
327,3,1,0,7
328,2,0,-1,7
329,4,0,0,7
330,2,1,0,7
331,2,1,0,7
332,4,0,0,7
333,2,0,-1,7
334,1,1,0,7
335,1,0,0,7
336,1,1,1,7
337,2,1,0,7
338,2,1,-1,7
339,1,1,0,7
340,1,1,1,7
341,3,0,1,7
342,1,1,0,7
343,2,1,-1,7
344,3,1,0,7
345,4,0,-1,7
346,4,0,-1,7
347,3,0,1,7
348,4,0,0,7
349,4,0,-1,7
350,3,0,0,7
351,4,0,0,7
352,3,0,1,7
353,1,1,1,7
354,1,0,0,7
355,3,1,1,7
356,2,1,0,7
357,4,1,-1,7
358,4,0,-1,7
359,1,1,1,7
360,1,1,0,7
361,2,0,-1,7
362,2,1,-1,7
363,1,1,0,7
364,1,1,0,7
365,4,0,-1,7
366,4,0,0,7
367,4,0,0,7
368,2,1,0,7
369,3,1,0,7
370,1,0,0,7
371,1,1,1,7
372,3,0,0,7
373,4,0,-1,7
374,4,0,0,7
375,3,1,0,7
376,2,1,0,7
377,3,0,0,7
378,3,1,1,7
379,3,0,1,7
380,2,0,0,7
381,4,0,-1,7
382,4,0,0,7
383,2,0,-1,7
384,3,1,0,7
385,3,0,1,7
386,3,0,1,7
387,3,1,0,7
388,2,1,0,7
389,1,1,1,7
390,4,0,0,7
391,4,0,0,7
392,4,0,0,7
393,1,1,1,7
394,4,0,0,7
395,3,1,0,7
396,4,1,0,7
397,2,1,-1,7
398,1,1,1,7
399,2,1,0,7
400,2,0,0,7
401,4,0,0,7
402,4,1,-1,7
403,4,0,0,7
404,4,1,-1,7
405,3,0,1,7
406,3,1,0,7
407,2,1,0,7
408,1,1,1,7
409,1,1,1,7
410,4,0,0,7
411,3,0,1,7
412,1,1,1,7
413,1,1,1,7
414,1,1,1,7
415,1,1,0,7
416,3,0,1,7
417,4,0,0,7
418,4,1,-1,7
419,4,0,-1,7
420,1,1,1,7
421,4,0,0,7
422,2,0,-1,7
423,3,0,1,7
424,1,1,1,7
425,1,0,0,7
426,1,1,1,7
427,2,1,0,7
428,3,1,0,7
429,1,1,1,7
430,4,0,0,7
431,1,1,1,7
432,3,0,1,7
433,1,1,1,7
434,3,1,0,7
435,4,0,0,7
436,3,1,0,7
437,3,0,1,7
438,4,1,-1,7
439,3,0,0,7
440,4,0,0,7
441,3,0,1,7
442,4,1,-1,7
443,1,1,1,7
444,2,1,0,7
445,2,0,-1,7
446,2,1,0,7
447,3,0,1,7
448,3,0,0,7
449,3,0,1,7
450,2,1,0,7
451,3,0,1,7
452,2,1,0,7
453,3,0,1,7
454,3,0,1,7
455,3,0,0,7
456,4,1,0,7
457,3,0,1,7
458,4,0,0,7
459,4,0,0,7
460,3,0,1,7
461,2,1,0,7
462,3,1,0,7
463,4,0,0,7
464,4,0,0,7
465,1,1,1,7
466,3,0,1,7
467,4,0,0,7
468,1,1,1,7
469,3,0,1,7
470,4,0,-1,7
471,2,1,0,7
472,1,1,0,7
473,3,0,1,7
474,4,1,-1,7
475,3,0,0,7
476,4,1,-1,7
477,4,0,0,7
478,1,1,1,7
479,2,1,0,7
480,4,0,0,7
481,4,1,-1,7
482,1,1,1,7
483,3,0,1,7
484,4,0,-1,7
485,3,0,1,7
486,1,1,1,7
487,3,0,1,7
488,2,1,-1,7
489,4,0,0,7
490,1,1,1,7
491,3,0,0,7
492,2,0,-1,7
493,4,0,0,7
494,2,1,0,7
495,2,1,-1,7
496,1,1,1,7
497,3,0,1,7
498,4,0,0,7
499,2,1,-1,7
500,1,1,1,7
501,2,0,-1,7
502,2,1,-1,7
503,2,0,-1,7
504,3,0,1,7
505,4,1,0,7
506,2,1,0,7
507,2,1,-1,7
508,4,0,0,7
509,2,1,0,7
510,1,1,1,7
511,1,1,1,7
512,3,0,1,7
513,4,0,0,7
514,1,1,0,7
515,4,0,0,7
516,3,0,1,7
517,1,1,1,7
518,2,0,-1,7
519,4,1,-1,7
520,1,1,1,7
521,1,1,1,7
522,4,0,0,7
523,3,0,1,7
524,3,0,0,7
525,3,1,0,7
526,2,0,0,7
527,3,0,1,7
528,4,0,0,7
529,2,1,0,7
530,2,1,0,7
531,1,1,1,7
532,2,1,0,7
533,1,1,1,7
534,2,0,-1,7
535,3,0,1,7
536,3,0,1,7
537,2,1,-1,7
538,4,0,0,7
539,1,1,1,7
540,3,0,1,7
541,1,1,1,7
542,4,0,-1,7
543,2,1,0,7
544,2,1,0,7
545,4,0,-1,7
546,3,0,1,7
547,2,1,0,7
548,1,1,1,7
549,3,0,1,7
550,2,1,0,7
551,3,1,0,7
552,2,1,0,7
553,1,1,1,7
554,4,0,0,7
555,4,0,0,7
556,4,0,-1,7
557,4,1,-1,7
558,3,1,1,7
559,3,0,1,7
560,1,1,0,7
561,2,1,-1,7
562,1,1,1,7
563,1,1,1,7
564,3,0,0,7
565,4,0,0,7
566,1,1,1,7
567,3,0,1,7
568,2,1,0,7
569,4,0,0,7
570,4,0,-1,7
571,3,1,1,7
572,1,1,1,7
573,1,1,1,7
574,4,0,0,7
575,2,1,0,7
576,1,1,1,7
577,4,0,0,7
578,1,1,1,7
579,4,1,-1,7
580,1,1,1,7
581,2,1,0,7
582,3,1,0,7
583,3,0,1,7
584,4,1,0,7
585,4,1,-1,7
586,1,1,1,7
587,2,0,-1,7
588,3,1,0,7
589,4,1,-1,7
590,1,1,1,7
591,1,1,0,7
592,2,1,0,7
593,1,1,1,7
594,2,1,-1,7
595,2,1,0,7
596,3,1,1,7
597,2,1,0,7
598,4,0,0,7
599,2,1,-1,7
0,4,0,0,8
1,2,1,-1,8
2,1,1,1,8
3,3,0,1,8
4,3,0,0,8
5,2,0,-1,8
6,4,1,-1,8
7,2,0,-1,8
8,1,1,1,8
9,4,1,-1,8
10,4,0,-1,8
11,2,0,-1,8
12,2,1,0,8
13,2,1,-1,8
14,1,1,0,8
15,3,1,1,8
16,4,0,0,8
17,2,0,0,8
18,2,1,-1,8
19,2,0,-1,8
20,2,0,0,8
21,1,1,0,8
22,3,1,1,8
23,3,1,0,8
24,3,1,0,8
25,2,0,-1,8
26,4,1,-1,8
27,2,0,-1,8
28,1,1,1,8
29,1,1,1,8
30,2,0,0,8
31,1,1,0,8
32,3,0,0,8
33,3,1,0,8
34,1,1,0,8
35,4,1,0,8
36,3,0,1,8
37,2,1,-1,8
38,1,1,0,8
39,4,0,0,8
40,2,0,0,8
41,1,1,1,8
42,2,0,-1,8
43,3,0,0,8
44,1,1,1,8
45,4,1,-1,8
46,3,0,1,8
47,4,1,-1,8
48,4,0,0,8
49,2,1,0,8
50,4,0,0,8
51,4,0,0,8
52,2,0,0,8
53,4,1,-1,8
54,1,1,1,8
55,1,1,1,8
56,4,0,0,8
57,2,1,0,8
58,2,0,0,8
59,2,1,0,8
60,2,0,-1,8
61,2,1,0,8
62,1,1,1,8
63,3,1,0,8
64,1,1,1,8
65,1,1,1,8
66,2,1,0,8
67,3,1,0,8
68,3,1,1,8
69,3,0,1,8
70,1,1,1,8
71,3,1,0,8
72,1,1,1,8
73,1,1,1,8
74,2,1,0,8
75,2,1,0,8
76,4,0,0,8
77,2,1,0,8
78,2,1,0,8
79,2,1,-1,8
80,4,0,0,8
81,2,1,-1,8
82,4,0,0,8
83,4,0,-1,8
84,4,1,-1,8
85,4,1,-1,8
86,1,1,0,8
87,1,1,1,8
88,4,0,0,8
89,3,1,0,8
90,2,1,0,8
91,3,0,1,8
92,1,1,1,8
93,3,1,1,8
94,2,0,-1,8
95,2,0,-1,8
96,1,1,1,8
97,2,1,0,8
98,3,0,1,8
99,2,1,0,8
100,2,1,0,8
101,1,1,1,8
102,1,1,1,8
103,4,0,0,8
104,3,0,1,8
105,1,1,1,8
106,2,1,0,8
107,1,1,1,8
108,1,1,1,8
109,2,1,0,8
110,2,0,-1,8
111,4,0,0,8
112,4,0,0,8
113,1,1,1,8
114,1,1,1,8
115,1,1,1,8
116,4,0,0,8
117,1,1,1,8
118,4,1,-1,8
119,2,1,-1,8
120,4,0,0,8
121,2,1,-1,8
122,1,1,0,8
123,2,0,-1,8
124,3,0,1,8
125,4,0,0,8
126,3,0,1,8
127,3,0,1,8
128,1,1,1,8
129,3,0,1,8
130,1,1,1,8
131,3,0,1,8
132,2,1,0,8
133,2,1,0,8
134,4,0,0,8
135,4,0,0,8
136,2,1,0,8
137,2,1,0,8
138,4,0,0,8
139,2,1,0,8
140,2,1,0,8
141,2,1,0,8
142,2,1,0,8
143,1,1,1,8
144,2,1,0,8
145,2,1,0,8
146,2,1,0,8
147,3,0,1,8
148,1,1,1,8
149,1,1,1,8
150,4,0,0,8
151,1,1,1,8
152,1,1,1,8
153,3,0,1,8
154,1,1,0,8
155,1,1,0,8
156,2,1,0,8
157,2,1,0,8
158,2,1,0,8
159,1,1,0,8
160,2,1,0,8
161,2,1,0,8
162,4,0,0,8
163,3,0,1,8
164,4,0,0,8
165,2,0,0,8
166,4,0,0,8
167,3,0,1,8
168,1,0,0,8
169,4,0,0,8
170,1,0,1,8
171,1,1,1,8
172,3,0,1,8
173,3,1,0,8
174,4,1,-1,8
175,2,0,-1,8
176,2,1,0,8
177,2,1,0,8
178,4,0,0,8
179,3,0,1,8
180,2,1,0,8
181,3,0,1,8
182,3,0,1,8
183,3,0,1,8
184,3,0,1,8
185,4,0,0,8
186,4,0,0,8
187,2,1,0,8
188,2,1,0,8
189,4,0,0,8
190,1,1,1,8
191,3,1,0,8
192,3,0,1,8
193,4,0,0,8
194,1,1,1,8
195,3,1,0,8
196,1,1,1,8
197,4,0,0,8
198,4,0,0,8
199,2,1,0,8
200,3,0,1,8
201,2,1,-1,8
202,2,0,-1,8
203,3,0,1,8
204,2,1,0,8
205,2,1,0,8
206,2,1,-1,8
207,4,0,-1,8
208,4,1,-1,8
209,2,1,0,8
210,4,0,-1,8
211,3,1,0,8
212,3,0,1,8
213,2,1,0,8
214,3,1,0,8
215,3,0,1,8
216,1,1,1,8
217,2,1,0,8
218,2,1,0,8
219,2,1,0,8
220,1,1,1,8
221,3,0,0,8
222,4,1,-1,8
223,4,0,0,8
224,1,1,1,8
225,4,0,0,8
226,2,1,0,8
227,1,1,1,8
228,4,0,0,8
229,2,1,-1,8
230,2,1,0,8
231,4,1,-1,8
232,2,0,-1,8
233,4,0,0,8
234,4,0,0,8
235,4,0,-1,8
236,1,1,1,8
237,2,1,0,8
238,3,0,1,8
239,4,0,-1,8
240,2,1,-1,8
241,1,1,1,8
242,1,1,1,8
243,3,0,1,8
244,2,1,-1,8
245,2,0,-1,8
246,4,0,0,8
247,1,1,1,8
248,4,0,0,8
249,3,0,1,8
250,1,1,0,8
251,1,1,1,8
252,3,0,1,8
253,1,1,1,8
254,3,0,1,8
255,4,1,0,8
256,4,0,0,8
257,2,1,-1,8
258,2,1,-1,8
259,3,1,1,8
260,1,1,1,8
261,3,0,1,8
262,3,0,1,8
263,4,1,-1,8
264,2,1,-1,8
265,3,0,0,8
266,2,1,0,8
267,1,1,1,8
268,1,1,1,8
269,4,1,-1,8
270,1,1,1,8
271,1,1,1,8
272,1,1,1,8
273,3,0,0,8
274,3,1,0,8
275,1,1,1,8
276,4,0,0,8
277,2,1,0,8
278,3,0,1,8
279,4,0,0,8
280,1,1,0,8
281,3,0,1,8
282,4,0,0,8
283,2,1,0,8
284,1,1,1,8
285,1,1,1,8
286,3,1,0,8
287,4,0,0,8
288,3,1,0,8
289,3,1,0,8
290,1,1,1,8
291,4,0,0,8
292,3,1,0,8
293,1,1,1,8
294,1,1,1,8
295,3,0,1,8
296,3,0,1,8
297,4,0,0,8
298,3,0,0,8
299,4,0,-1,8
300,3,0,1,8
301,2,0,-1,8
302,2,1,0,8
303,2,1,0,8
304,2,1,-1,8
305,4,0,-1,8
306,4,1,-1,8
307,4,0,-1,8
308,2,0,-1,8
309,1,1,1,8
310,2,0,-1,8
311,2,1,0,8
312,1,1,0,8
313,3,0,1,8
314,2,1,0,8
315,2,1,0,8
316,2,1,0,8
317,4,0,0,8
318,1,1,1,8
319,3,1,0,8
320,3,1,0,8
321,1,1,1,8
322,1,1,1,8
323,1,1,0,8
324,3,0,1,8
325,1,1,1,8
326,2,1,-1,8
327,1,1,0,8
328,3,0,0,8
329,1,1,1,8
330,2,1,-1,8
331,3,0,1,8
332,3,0,0,8
333,1,1,1,8
334,1,1,0,8
335,4,0,0,8
336,1,1,1,8
337,4,0,-1,8
338,2,1,0,8
339,2,1,0,8
340,1,1,0,8
341,4,0,0,8
342,2,1,0,8
343,1,1,0,8
344,3,0,1,8
345,3,1,0,8
346,4,0,0,8
347,1,0,0,8
348,1,1,1,8
349,4,0,0,8
350,2,1,0,8
351,1,0,0,8
352,2,1,-1,8
353,1,1,1,8
354,2,1,0,8
355,4,1,0,8
356,2,1,0,8
357,2,1,0,8
358,4,0,0,8
359,3,0,1,8
360,2,0,-1,8
361,1,1,1,8
362,4,1,-1,8
363,3,0,1,8
364,1,1,1,8
365,3,0,0,8
366,2,1,0,8
367,2,1,0,8
368,2,1,0,8
369,2,1,-1,8
370,2,1,-1,8
371,1,1,0,8
372,2,0,-1,8
373,4,0,-1,8
374,3,0,1,8
375,3,1,0,8
376,4,1,-1,8
377,2,1,0,8
378,2,1,0,8
379,4,0,0,8
380,1,1,1,8
381,3,0,1,8
382,1,1,1,8
383,1,1,1,8
384,3,0,0,8
385,1,1,1,8
386,3,0,1,8
387,2,1,-1,8
388,4,0,0,8
389,2,0,-1,8
390,2,1,-1,8
391,1,1,1,8
392,1,1,1,8
393,3,0,1,8
394,4,1,0,8
395,2,1,0,8
396,2,0,0,8
397,3,0,1,8
398,3,0,0,8
399,3,0,1,8
400,1,1,1,8
401,1,1,1,8
402,2,1,0,8
403,3,0,1,8
404,1,1,0,8
405,4,0,0,8
406,2,0,-1,8
407,4,1,-1,8
408,4,0,0,8
409,2,1,-1,8
410,3,0,1,8
411,2,1,0,8
412,4,0,0,8
413,4,0,0,8
414,2,0,-1,8
415,3,0,1,8
416,2,1,0,8
417,2,1,0,8
418,3,0,1,8
419,1,1,1,8
420,3,0,1,8
421,1,1,1,8
422,2,0,-1,8
423,3,0,1,8
424,4,0,0,8
425,1,1,1,8
426,2,1,0,8
427,2,1,0,8
428,1,1,1,8
429,1,1,1,8
430,4,0,-1,8
431,3,0,1,8
432,1,1,1,8
433,2,1,0,8
434,3,0,1,8
435,1,1,1,8
436,4,1,-1,8
437,4,0,0,8
438,3,0,1,8
439,3,1,0,8
440,2,1,0,8
441,1,1,1,8
442,4,1,-1,8
443,1,1,1,8
444,2,1,0,8
445,2,1,-1,8
446,1,1,1,8
447,2,1,0,8
448,3,0,1,8
449,2,1,0,8
450,1,1,0,8
451,3,0,1,8
452,4,0,0,8
453,3,0,0,8
454,3,0,0,8
455,3,0,1,8
456,4,1,-1,8
457,3,0,0,8
458,1,1,1,8
459,3,0,1,8
460,3,0,0,8
461,1,1,1,8
462,3,0,1,8
463,1,1,0,8
464,1,1,1,8
465,4,0,0,8
466,4,0,0,8
467,3,0,1,8
468,3,1,0,8
469,4,0,0,8
470,3,0,0,8
471,1,1,1,8
472,2,1,0,8
473,1,1,1,8
474,1,1,0,8
475,1,1,0,8
476,3,1,0,8
477,4,0,-1,8
478,1,1,1,8
479,4,1,-1,8
480,4,0,0,8
481,4,1,-1,8
482,3,0,0,8
483,1,1,1,8
484,2,1,-1,8
485,3,0,1,8
486,4,0,-1,8
487,3,0,1,8
488,2,1,0,8
489,3,0,1,8
490,1,1,1,8
491,4,0,0,8
492,4,1,-1,8
493,2,1,0,8
494,4,0,-1,8
495,3,0,1,8
496,3,0,0,8
497,2,1,-1,8
498,2,1,0,8
499,3,0,1,8
500,2,1,0,8
501,1,1,0,8
502,1,1,0,8
503,1,1,0,8
504,4,1,-1,8
505,4,0,0,8
506,3,1,0,8
507,2,1,0,8
508,2,1,0,8
509,3,1,0,8
510,4,0,0,8
511,2,1,0,8
512,1,1,0,8
513,4,0,0,8
514,4,0,0,8
515,1,1,0,8
516,4,0,0,8
517,3,1,0,8
518,1,1,1,8
519,4,0,-1,8
520,1,1,1,8
521,3,1,0,8
522,2,1,0,8
523,4,1,-1,8
524,3,1,0,8
525,3,0,1,8
526,1,1,1,8
527,1,1,1,8
528,3,0,1,8
529,1,1,1,8
530,1,1,0,8
531,3,0,1,8
532,2,1,0,8
533,2,1,0,8
534,2,1,-1,8
535,2,0,-1,8
536,4,0,0,8
537,3,0,0,8
538,2,1,-1,8
539,4,0,0,8
540,3,1,0,8
541,1,1,1,8
542,1,1,1,8
543,4,0,0,8
544,3,1,0,8
545,2,1,0,8
546,1,1,0,8
547,2,1,-1,8
548,4,0,0,8
549,1,1,1,8
550,4,1,-1,8
551,3,1,0,8
552,3,0,1,8
553,3,0,1,8
554,4,0,0,8
555,2,0,0,8
556,3,0,1,8
557,2,1,0,8
558,3,0,1,8
559,2,0,-1,8
560,2,1,0,8
561,1,1,1,8
562,2,1,0,8
563,4,0,0,8
564,4,0,0,8
565,2,1,0,8
566,2,1,0,8
567,4,1,-1,8
568,2,1,0,8
569,2,1,0,8
570,1,1,1,8
571,3,0,1,8
572,3,0,1,8
573,1,1,1,8
574,4,0,0,8
575,4,0,0,8
576,1,1,0,8
577,3,1,1,8
578,2,1,0,8
579,3,0,1,8
580,1,0,0,8
581,2,1,0,8
582,4,0,0,8
583,2,1,0,8
584,2,1,0,8
585,4,0,0,8
586,1,1,0,8
587,4,0,0,8
588,1,1,1,8
589,1,1,1,8
590,3,0,1,8
591,1,1,0,8
592,3,0,0,8
593,1,1,1,8
594,1,1,1,8
595,4,0,0,8
596,3,1,0,8
597,2,1,0,8
598,1,1,1,8
599,2,1,-1,8
0,2,0,-1,9
1,3,0,1,9
2,4,1,-1,9
3,2,1,0,9
4,4,0,0,9
5,1,1,1,9
6,1,1,1,9
7,4,1,-1,9
8,2,1,0,9
9,1,1,1,9
10,3,0,1,9
11,2,1,0,9
12,1,1,1,9
13,1,1,1,9
14,2,0,-1,9
15,3,0,1,9
16,4,0,0,9
17,1,1,1,9
18,3,0,1,9
19,4,0,0,9
20,1,1,1,9
21,3,1,1,9
22,2,1,0,9
23,4,0,0,9
24,2,1,0,9
25,1,1,1,9
26,1,1,1,9
27,3,0,0,9
28,2,1,-1,9
29,3,1,0,9
30,3,0,1,9
31,2,0,-1,9
32,2,1,-1,9
33,2,0,-1,9
34,3,1,1,9
35,2,1,-1,9
36,1,1,1,9
37,1,1,1,9
38,3,1,0,9
39,1,1,1,9
40,4,0,0,9
41,4,1,-1,9
42,3,0,1,9
43,1,1,1,9
44,1,1,0,9
45,1,1,1,9
46,1,1,1,9
47,2,1,0,9
48,3,1,0,9
49,3,0,1,9
50,3,1,0,9
51,2,1,0,9
52,2,1,0,9
53,2,1,0,9
54,3,0,1,9
55,1,1,1,9
56,1,1,1,9
57,1,0,0,9
58,3,0,1,9
59,1,1,0,9
60,4,0,-1,9
61,1,1,1,9
62,4,1,-1,9
63,3,0,0,9
64,4,1,-1,9
65,4,1,-1,9
66,3,1,0,9
67,1,1,1,9
68,4,0,-1,9
69,1,1,1,9
70,2,1,0,9
71,2,1,0,9
72,4,0,0,9
73,2,0,0,9
74,3,0,0,9
75,3,1,0,9
76,2,1,-1,9
77,3,0,1,9
78,3,1,0,9
79,2,1,0,9
80,3,0,1,9
81,4,0,-1,9
82,3,1,0,9
83,4,1,-1,9
84,4,0,0,9
85,1,1,1,9
86,3,0,1,9
87,4,0,0,9
88,2,0,-1,9
89,1,1,0,9
90,2,1,0,9
91,1,1,0,9
92,4,0,0,9
93,1,1,1,9
94,1,1,0,9
95,1,1,1,9
96,4,0,-1,9
97,4,0,-1,9
98,4,1,-1,9
99,3,0,0,9
100,4,0,0,9
101,3,0,1,9
102,4,1,-1,9
103,1,1,0,9
104,4,0,0,9
105,4,1,-1,9
106,2,1,0,9
107,2,1,0,9
108,1,1,1,9
109,3,0,0,9
110,3,1,0,9
111,3,1,0,9
112,3,0,1,9
113,2,1,0,9
114,3,0,0,9
115,2,1,0,9
116,4,0,0,9
117,2,1,0,9
118,1,1,1,9
119,2,1,0,9
120,3,0,1,9
121,2,1,0,9
122,3,0,1,9
123,4,0,0,9
124,2,1,-1,9
125,2,0,-1,9
126,1,1,1,9
127,3,1,0,9
128,3,0,1,9
129,2,0,-1,9
130,2,1,0,9
131,2,1,0,9
132,1,1,0,9
133,4,0,-1,9
134,2,1,-1,9
135,4,0,-1,9
136,1,1,1,9
137,2,1,0,9
138,1,1,0,9
139,4,0,-1,9
140,4,0,0,9
141,3,1,0,9
142,4,1,-1,9
143,2,1,0,9
144,3,0,1,9
145,3,1,1,9
146,2,1,-1,9
147,1,1,1,9
148,3,0,1,9
149,3,0,0,9
150,2,1,0,9
151,4,1,0,9
152,2,1,-1,9
153,2,1,0,9
154,3,0,1,9
155,3,0,1,9
156,2,1,0,9
157,3,0,1,9
158,3,0,0,9
159,3,1,0,9
160,3,0,1,9
161,1,1,0,9
162,1,1,1,9
163,2,1,0,9
164,3,1,1,9
165,1,1,1,9
166,2,0,-1,9
167,1,1,1,9
168,1,1,1,9
169,4,1,-1,9
170,2,1,0,9
171,3,1,0,9
172,2,1,0,9
173,3,0,0,9
174,1,1,0,9
175,1,1,1,9
176,2,1,0,9
177,2,1,-1,9
178,1,1,1,9
179,1,1,1,9
180,3,0,1,9
181,1,0,0,9
182,3,1,0,9
183,2,1,0,9
184,3,1,1,9
185,2,1,-1,9
186,1,1,1,9
187,4,0,0,9
188,4,0,0,9
189,3,1,1,9
190,2,1,0,9
191,3,0,0,9
192,3,1,0,9
193,4,0,-1,9
194,4,0,0,9
195,3,1,0,9
196,3,1,0,9
197,2,1,-1,9
198,4,1,-1,9
199,4,0,0,9
200,3,1,1,9
201,2,1,0,9
202,4,0,0,9
203,3,1,0,9
204,3,1,0,9
205,3,0,0,9
206,1,1,1,9
207,4,1,-1,9
208,3,1,0,9
209,2,1,0,9
210,4,0,0,9
211,4,0,0,9
212,3,0,1,9
213,3,0,1,9
214,4,0,0,9
215,2,1,0,9
216,3,0,0,9
217,2,0,-1,9
218,4,0,0,9
219,1,0,0,9
220,3,0,1,9
221,1,1,1,9
222,4,0,0,9
223,4,0,0,9
224,2,1,-1,9
225,1,1,0,9
226,1,1,1,9
227,1,1,1,9
228,4,0,0,9
229,4,0,0,9
230,4,0,0,9
231,2,1,0,9
232,3,1,1,9
233,2,0,-1,9
234,3,1,1,9
235,4,0,0,9
236,3,0,1,9
237,4,0,0,9
238,3,1,1,9
239,3,1,0,9
240,3,1,0,9
241,4,0,0,9
242,2,1,-1,9
243,2,1,-1,9
244,4,0,0,9
245,1,1,1,9
246,1,1,1,9
247,2,1,0,9
248,1,0,1,9
249,4,1,-1,9
250,1,1,0,9
251,2,1,0,9
252,2,1,0,9
253,1,1,1,9
254,4,0,0,9
255,3,1,0,9
256,3,0,1,9
257,1,1,1,9
258,1,1,1,9
259,2,1,0,9
260,1,1,0,9
261,1,1,0,9
262,2,1,0,9
263,1,1,0,9
264,2,1,-1,9
265,3,0,0,9
266,4,0,0,9
267,3,0,1,9
268,4,0,0,9
269,4,0,0,9
270,2,1,0,9
271,2,1,0,9
272,4,0,0,9
273,3,1,1,9
274,4,0,0,9
275,1,1,1,9
276,4,1,-1,9
277,3,1,1,9
278,3,1,0,9
279,4,0,-1,9
280,2,1,0,9
281,3,1,0,9
282,3,0,1,9
283,4,0,0,9
284,3,1,0,9
285,2,1,0,9
286,4,0,0,9
287,3,0,1,9
288,1,1,1,9
289,2,1,0,9
290,4,0,0,9
291,3,0,1,9
292,1,1,1,9
293,1,0,0,9
294,2,1,0,9
295,2,1,0,9
296,1,1,1,9
297,1,1,1,9
298,4,0,0,9
299,1,1,1,9
300,1,1,1,9
301,1,1,1,9
302,2,1,0,9
303,3,1,0,9
304,4,0,0,9
305,3,0,0,9
306,2,1,-1,9
307,3,0,1,9
308,3,0,0,9
309,2,1,0,9
310,4,0,0,9
311,3,0,1,9
312,4,0,0,9
313,1,1,0,9
314,3,0,1,9
315,3,1,1,9
316,3,0,0,9
317,2,1,-1,9
318,4,1,-1,9
319,1,1,1,9
320,2,1,0,9
321,2,0,-1,9
322,3,0,1,9
323,1,1,1,9
324,3,1,0,9
325,2,1,0,9
326,3,0,1,9
327,4,0,0,9
328,3,0,1,9
329,4,1,-1,9
330,2,1,0,9
331,4,0,0,9
332,2,1,0,9
333,3,0,1,9
334,4,0,0,9
335,4,0,0,9
336,3,0,1,9
337,1,1,0,9
338,3,0,1,9
339,2,1,0,9
340,4,0,0,9
341,2,1,0,9
342,1,1,1,9
343,2,1,0,9
344,1,1,1,9
345,4,0,0,9
346,1,0,0,9
347,1,1,0,9
348,1,1,1,9
349,2,1,0,9
350,4,0,0,9
351,3,0,1,9
352,4,0,0,9
353,1,1,0,9
354,2,1,0,9
355,3,1,1,9
356,2,1,0,9
357,2,1,0,9
358,4,0,0,9
359,1,1,0,9
360,2,1,0,9
361,4,0,0,9
362,2,1,0,9
363,1,0,0,9
364,1,0,0,9
365,4,1,-1,9
366,3,0,1,9
367,1,1,1,9
368,2,1,-1,9
369,2,1,0,9
370,2,1,0,9
371,3,0,1,9
372,2,1,-1,9
373,2,0,-1,9
374,4,0,0,9
375,2,1,0,9
376,2,1,-1,9
377,4,1,-1,9
378,2,1,0,9
379,3,1,0,9
380,1,1,1,9
381,2,1,0,9
382,2,1,-1,9
383,1,1,1,9
384,2,1,0,9
385,1,1,0,9
386,3,0,0,9
387,4,0,-1,9
388,2,1,0,9
389,2,1,0,9
390,3,1,0,9
391,1,1,1,9
392,3,0,1,9
393,3,0,1,9
394,2,1,0,9
395,3,1,0,9
396,4,0,0,9
397,1,1,1,9
398,2,1,-1,9
399,2,1,0,9
400,3,1,0,9
401,3,0,1,9
402,2,1,0,9
403,4,1,0,9
404,4,0,-1,9
405,2,1,0,9
406,1,1,1,9
407,2,0,-1,9
408,2,1,0,9
409,3,0,1,9
410,2,0,-1,9
411,1,0,0,9
412,3,0,1,9
413,4,0,0,9
414,2,1,0,9
415,1,1,1,9
416,4,0,0,9
417,4,0,0,9
418,3,0,0,9
419,1,1,1,9
420,4,1,0,9
421,3,0,1,9
422,3,0,0,9
423,2,1,-1,9
424,4,1,-1,9
425,2,1,0,9
426,2,1,0,9
427,2,1,0,9
428,3,1,0,9
429,2,0,-1,9
430,2,1,0,9
431,3,1,1,9
432,1,1,1,9
433,3,1,0,9
434,1,1,1,9
435,4,0,0,9
436,4,0,0,9
437,3,1,0,9
438,1,1,1,9
439,3,1,0,9
440,2,0,0,9
441,3,1,0,9
442,1,1,0,9
443,1,1,0,9
444,1,0,0,9
445,4,1,-1,9
446,3,0,0,9
447,1,1,1,9
448,1,1,1,9
449,3,0,0,9
450,1,1,1,9
451,3,1,0,9
452,3,0,1,9
453,4,0,0,9
454,3,1,0,9
455,3,1,0,9
456,4,0,0,9
457,4,0,-1,9
458,4,0,-1,9
459,2,1,-1,9
460,2,1,0,9
461,2,0,-1,9
462,2,1,0,9
463,3,1,0,9
464,2,1,-1,9
465,2,1,-1,9
466,1,1,1,9
467,4,1,-1,9
468,1,1,1,9
469,2,0,-1,9
470,1,1,1,9
471,2,1,0,9
472,4,0,0,9
473,2,1,0,9
474,4,0,0,9
475,2,1,0,9
476,2,0,-1,9
477,3,0,1,9
478,4,1,-1,9
479,1,1,1,9
480,1,1,1,9
481,3,0,1,9
482,1,1,1,9
483,4,0,0,9
484,4,0,0,9
485,4,0,0,9
486,4,0,0,9
487,1,1,1,9
488,3,0,1,9
489,3,0,1,9
490,4,1,-1,9
491,1,1,1,9
492,4,0,0,9
493,2,1,0,9
494,3,0,1,9
495,4,0,0,9
496,4,0,0,9
497,2,1,-1,9
498,4,0,0,9
499,2,1,0,9
500,2,1,0,9
501,2,1,-1,9
502,4,0,0,9
503,1,1,0,9
504,1,1,1,9
505,2,1,-1,9
506,1,1,1,9
507,3,0,0,9
508,4,0,0,9
509,2,0,0,9
510,3,1,1,9
511,3,0,1,9
512,3,1,1,9
513,1,1,1,9
514,4,0,0,9
515,3,1,0,9
516,3,1,0,9
517,1,1,1,9
518,3,0,0,9
519,1,1,0,9
520,4,0,0,9
521,2,1,0,9
522,4,0,0,9
523,1,1,0,9
524,4,0,0,9
525,4,0,0,9
526,2,1,0,9
527,3,1,0,9
528,1,1,1,9
529,4,0,0,9
530,1,1,1,9
531,4,0,0,9
532,1,1,1,9
533,1,1,0,9
534,2,1,0,9
535,2,1,0,9
536,3,1,1,9
537,4,0,0,9
538,1,1,1,9
539,2,1,0,9
540,1,0,0,9
541,3,1,0,9
542,2,1,-1,9
543,4,0,0,9
544,1,0,0,9
545,2,1,0,9
546,4,0,0,9
547,3,1,0,9
548,2,1,0,9
549,3,0,1,9
550,4,0,0,9
551,4,1,-1,9
552,4,0,0,9
553,1,1,0,9
554,4,0,0,9
555,4,0,0,9
556,2,0,-1,9
557,1,1,0,9
558,3,1,0,9
559,1,1,1,9
560,2,1,0,9
561,4,0,0,9
562,2,1,0,9
563,1,1,1,9
564,3,1,0,9
565,3,0,1,9
566,1,1,1,9
567,2,1,0,9
568,4,0,0,9
569,2,1,0,9
570,1,1,1,9
571,4,0,0,9
572,2,0,-1,9
573,3,1,1,9
574,2,1,0,9
575,1,1,1,9
576,2,1,0,9
577,2,1,0,9
578,1,1,1,9
579,4,0,-1,9
580,4,1,-1,9
581,4,0,0,9
582,1,1,1,9
583,1,1,1,9
584,4,0,-1,9
585,2,1,-1,9
586,3,1,0,9
587,2,0,-1,9
588,4,0,0,9
589,1,1,1,9
590,2,1,0,9
591,4,0,0,9
592,2,1,0,9
593,4,0,0,9
594,2,1,-1,9
595,4,0,-1,9
596,3,0,1,9
597,2,1,0,9
598,4,1,-1,9
599,1,1,1,9
